Name,University,Course,Year,Season,Status,GRE_SCORE,Eng_test,Test_score,Undergrad_score,Undergrad_score_Metric,work_ex (Months)
753255,Arizona State University,Management Information System,2018,Fall,Applied,313,TOEFL,107,0.62,%,6
Ami0603,Arizona State University,Management Information System,2018,Fall,Applied,314,TOEFL,106,7.63,CGPA,6
saniya264,Arizona State University,Management Information System,2018,Fall,Applied,307,TOEFL,109,0.62,%,1
Abhiraj29,Arizona State University,Management Information System,2018,Fall,Applied,290,IELTS,7.5,7,CGPA,48
apekshak95,Arizona State University,Management Information System,2018,Fall,Applied,306,TOEFL,90,8.2,CGPA,24
aryan29041995,Arizona State University,Management Information System,2017,Fall,Applied,310,TOEFL,100,8.96,CGPA,2
Ishita1302,Arizona State University,Management Information System,2017,Fall,Applied,309,TOEFL,88,7.69,CGPA,16
Freya,Arizona State University,Management Information System,2017,Fall,Applied,310,TOEFL,103,7.5,CGPA,29
Vineetb71,Arizona State University,Management Information System,2017,Fall,Applied,301,IELTS,6.5,0.65,%,26
Ragini123,Arizona State University,Management Information System,2017,Fall,Applied,305,TOEFL,89,8.86,CGPA,17
hshaikh,Arizona State University,Management Information System,2017,Fall,Applied,312,TOEFL,115,0.73,%,33
shashi2233,Arizona State University,Management Information System,2017,Fall,Applied,322,TOEFL,110,7.6,CGPA,0
akruti,Arizona State University,Management Information System,2017,Fall,Applied,319,TOEFL,100,6.74,CGPA,28
taori,Arizona State University,Management Information System,2017,Spring,Applied,305,TOEFL,88,0.58,%,12
xbblc671,Arizona State University,Management Information System,2016,Fall,Applied,307,TOEFL,87,0.7,%,27
Ashwini,Arizona State University,Management Information System,2016,Fall,Applied,306,TOEFL,92,0.71,%,36
lampard,Arizona State University,Management Information System,2016,Fall,Applied,320,TOEFL,100,0.68,%,0
bostonner,Arizona State University,Management Information System,2018,Fall,Admit,315,TOEFL,104,0.77,%,3
KrithikaCT,Arizona State University,Management Information System,2018,Fall,Admit,301,TOEFL,0,0.8,%,60
Giridhar312,Arizona State University,Management Information System,2018,Fall,Admit,311,IELTS,7,7.74,CGPA,25
Shreepriya,Arizona State University,Management Information System,2018,Fall,Admit,312,TOEFL,110,8.6,CGPA,24
muktika,Arizona State University,Management Information System,2018,Fall,Admit,307,TOEFL,103,8,CGPA,34
ssg-96,Arizona State University,Management Information System,2018,Fall,Admit,321,TOEFL,102,7.5,CGPA,12
sankalp2610,Arizona State University,Management Information System,2018,Fall,Admit,306,TOEFL,99,0.74,%,0
AsthaSh,Arizona State University,Management Information System,2018,Fall,Admit,310,TOEFL,110,7.49,CGPA,0
Palaaaa,Arizona State University,Management Information System,2018,Fall,Admit,310,TOEFL,101,0.66,%,22
RushilAnand,Arizona State University,Management Information System,2018,Fall,Admit,306,TOEFL,103,0.63,%,27
apurvakharate,Arizona State University,Management Information System,2018,Fall,Admit,305,TOEFL,91,0.64,%,15
Nidhiss,Arizona State University,Management Information System,2018,Fall,Admit,299,TOEFL,88,0.83,%,30
bulbul007,Arizona State University,Management Information System,2018,Fall,Admit,314,TOEFL,91,7.93,CGPA,16
Abirami,Arizona State University,Management Information System,2018,Fall,Admit,305,IELTS,7.5,8.2,CGPA,31
hanamana,Arizona State University,Management Information System,2018,Fall,Admit,318,TOEFL,111,6.68,CGPA,6
shubhm,Arizona State University,Management Information System,2018,Fall,Reject,307,TOEFL,0,0.74,%,15
Disha0701,Arizona State University,Management Information System,2018,Fall,Reject,308,TOEFL,84,0.69,%,43
Rajpatil7,Arizona State University,Management Information System,2018,Fall,Reject,301,TOEFL,91,6.3,CGPA,21
Rushikesh420,Arizona State University,Management Information System,2018,Fall,Reject,298,TOEFL,0,0.57,%,6
Rohan14,Arizona State University,Management Information System,2018,Fall,Reject,310,TOEFL,96,0.69,%,41
mragank,Arizona State University,Management Information System,2018,Fall,Reject,312,TOEFL,105,7.55,CGPA,27
Dipti92,Arizona State University,Management Information System,2018,Fall,Reject,301,TOEFL,88,8.6,CGPA,55
TrishaShekarC,Arizona State University,Management Information System,2018,Fall,Reject,303,TOEFL,90,0.67,%,14
Dishasuyogi,Arizona State University,Management Information System,2018,Fall,Reject,308,TOEFL,84,0.69,%,43
kappainho,Arizona State University,Management Information System,2018,Fall,Reject,305,TOEFL,98,0.54,%,18
Setu04,Arizona State University,Management Information System,2018,Fall,Reject,308,TOEFL,102,7.09,CGPA,0
somguria,Arizona State University,Management Information System,2018,Fall,Reject,302,IELTS,7,8.4,CGPA,41
ALI52,Arizona State University,Management Information System,2018,Fall,Reject,309,TOEFL,0,6.03,CGPA,28
acegohan,Arizona State University,Management Information System,2018,Fall,Reject,303,TOEFL,89,0.65,%,15
ThePanda1295,Arizona State University,Management Information System,2017,Fall,Reject,316,TOEFL,107,7.16,CGPA,6
Tahemin,Arizona State University,Management Information System,2017,Fall,Reject,302,TOEFL,92,0.71,%,35
anmolhanda,Arizona State University,Management Information System,2017,Fall,Reject,311,TOEFL,101,0.82,%,18
nirali8007,Arizona State University,Management Information System,2017,Fall,Reject,308,TOEFL,86,8.1,CGPA,14
aw9,Arizona State University,Management Information System,2017,Fall,Reject,299,TOEFL,97,0.59,%,12
pav1993,Arizona State University,Management Information System,2019,Fall,Interested,310,TOEFL,0,8.98,CGPA,35
RJay,Arizona State University,Management Information System,2019,Fall,Interested,320,IELTS,6.5,7.77,CGPA,9
kratikasainferno,Arizona State University,Management Information System,2019,Spring,Interested,306,TOEFL,102,0.65,%,26
ManeeshMettu,Arizona State University,Management Information System,2019,Fall,Interested,315,TOEFL,112,8.3,CGPA,12
Urvish1808,Boston University,Management Information System,2017,Fall,Applied, ,TOEFL,92,7.6,CGPA,0
kuhubh6354,Boston University,Management Information System,2016,Fall,Applied,313,TOEFL,101,0.73,%,30
a1hooman,Boston University,Management Information System,2017,Fall,Applied,305,TOEFL,91,5.93,CGPA,0
sahilgupta,Boston University,Management Information System,2016,Fall,Applied,336,TOEFL,107,6,CGPA,30
meet786,Boston University,Management Information System,2016,Spring,Applied,325,TOEFL,99,5,CGPA,0
nidhigupta,Boston University,Management Information System,2016,Fall,Applied,305,TOEFL,103,0.81,%,0
dhakad,Boston University,Management Information System,2016,Spring,Applied,307,TOEFL,80,0.81,%,0
malhota,Boston University,Management Information System,2016,Fall,Applied,299,IELTS,7.5,0.78,%,0
kuhubh635,Boston University,Management Information System,2016,Fall,Applied,313,TOEFL,101,0.74,%,0
shubhamvijan,Boston University,Management Information System,2016,Fall,Applied,301,IELTS,7,6.35,CGPA,10
AdityaShri1995,Boston University,Management Information System,2018,Fall,Admit,296,TOEFL,90,5.67,CGPA,8
ishanwagle,Boston University,Management Information System,2018,Fall,Admit,316,TOEFL,106,6.75,CGPA,5
charchil10,Boston University,Management Information System,2017,Fall,Admit,310,TOEFL,112,0.72,%,22
apurvahg,Boston University,Management Information System,2016,Fall,Admit,310,TOEFL,97,0.56,%,82
kekarthik1994,Boston University,Management Information System,2016,Fall,Admit,300,TOEFL,97,6.09,CGPA,6
Tanisha,Boston University,Management Information System,2016,Spring,Admit,315,TOEFL,99,0.73,%,26
nktchaudhari21,Boston University,Management Information System,2015,Fall,Admit,298,TOEFL,88,0.53,%,20
vaishakh-sasalatti,Boston University,Management Information System,2015,Fall,Admit,309,TOEFL,108,7.5,CGPA,10
sandeepyadav599,Boston University,Management Information System,2020,Fall,Interested,310,TOEFL,92,5.5,CGPA,0
diviraj,Boston University,Management Information System,2019,Spring,Interested,303,TOEFL,103,9,CGPA,2
priyabalaji,Boston University,Management Information System,2019,Fall,Interested, ,IELTS,7.5,7.35,CGPA,0
Apoorva171996,Boston University,Management Information System,2019,Spring,Interested,302,TOEFL,100,0.71,%,0
sisirchinferno,Boston University,Management Information System,2019,Spring,Interested,308,TOEFL,100,6.47,CGPA,38
annahita77,Boston University,Management Information System,2019,Spring,Interested,287,TOEFL,87,8.8,CGPA,18
AsthaSh,Boston University,Management Information System,2018,Fall,Interested,310,TOEFL,110,7.49,CGPA,0
Pareen,Boston University,Management Information System,2018,Fall,Interested,296,TOEFL,100,0.67,%,41
sudhir rai,Boston University,Management Information System,2018,Fall,Interested,306,IELTS,7,0.72,%,48
Jawaan,Boston University,Management Information System,2018,Fall,Interested,297,TOEFL,84,0.78,%,44
Divij Kishore,Boston University,Management Information System,2019,Spring,Interested,290,TOEFL,91,7.3,CGPA,48
Shubhi20,University of Delaware,Management Information System,2018,Fall,Applied,309,IELTS,7.5,9.24,CGPA,40
vinay0028,University of Delaware,Management Information System,2016,Fall,Applied,305,IELTS,7,0.51,%,54
kanchi ,University of Delaware,Management Information System,2016,Fall,Applied,306,TOEFL,94,6.6,CGPA,0
malagb01,University of Delaware,Management Information System,2016,Fall,Applied,311,IELTS,7.5,0.69,%,48
ayushivarma,University of Delaware,Management Information System,2016,Fall,Applied,300,TOEFL,99,7.46,CGPA,0
shikha28,University of Delaware,Management Information System,2016,Fall,Applied,304,TOEFL,90,6,CGPA,30
exiee,University of Delaware,Management Information System,2016,Fall,Applied,304,TOEFL,90,6,CGPA,30
ganeshn,University of Delaware,Management Information System,2017,Fall,Applied,296,IELTS,6,0.71,%,30
muralidhar_mutnuru,University of Delaware,Management Information System,2016,Fall,Applied,308,TOEFL,112,8,CGPA,30
ankitbhangdia,University of Delaware,Management Information System,2015,Fall,Applied,300,TOEFL,0,0.54,%,30
rohan1234,University of Delaware,Management Information System,2018,Fall,Admit,295,IELTS,7.5,7.51,CGPA,32
Shreya0110,University of Delaware,Management Information System,2018,Spring,Admit,303,TOEFL,93,0.64,%,2
Ayush3195,University of Delaware,Management Information System,2017,Fall,Admit,310,IELTS,7.5,6.47,CGPA,0
Divyaa,University of Delaware,Management Information System,2017,Fall,Admit,313,TOEFL,108,6.47,CGPA,12
apurv1595,University of Delaware,Management Information System,2017,Fall,Admit,303,TOEFL,108,7.7,CGPA,2
sanhith,University of Delaware,Management Information System,2017,Spring,Admit,300,IELTS,6.5,7.4,CGPA,16
Adi8081234,University of Delaware,Management Information System,2017,Fall,Reject,306,TOEFL,92,6.75,CGPA,1
navhar,University of Delaware,Management Information System,2017,Spring,Reject,305,TOEFL,93,7.2,CGPA,25
vatsalajmera,University of Delaware,Management Information System,2016,Fall,Reject,312,TOEFL,101,0.75,%,0
jituparwani,University of Delaware,Management Information System,2016,Fall,Reject,283,TOEFL,98,0.68,%,0
Arpi99,University of Delaware,Management Information System,2019,Spring,Interested,281,IELTS,6.5,0.74,%,60
SatyaV,University of Delaware,Management Information System,2019,Spring,Interested, ,IELTS,7,6.5,CGPA,22
Ram1199,University of Delaware,Management Information System,2019,Spring,Interested,305,IELTS,7,0.62,%,8
Sudhakar17,University of Delaware,Management Information System,2019,Spring,Interested,331,IELTS,7,0.65,%,15
AbhaAshapure,University of Delaware,Management Information System,2018,Fall,Interested,300,TOEFL,83,0.68,%,12
rohinik,University of Delaware,Management Information System,2019,Fall,Interested,296,TOEFL,100,8.05,CGPA,48
Ankit712arf,University of Delaware,Management Information System,2019,Spring,Interested,302,TOEFL,99,0.68,%,53
skondepudi,University of Delaware,Management Information System,2018,Fall,Interested,297,IELTS,7,6.87,CGPA,32
Jagrutp,University of Delaware,Management Information System,2018,Spring,Interested, ,IELTS,6.5,0.6,%,38
vismita,University of Delaware,Management Information System,2018,Fall,Interested,302,TOEFL,98,0.65,%,29
vivek s,University of Delaware,Management Information System,2018,Fall,Interested,304,TOEFL,99,0.76,%,38
Aarushi7,University of Delaware,Management Information System,2018,Fall,Interested,309,IELTS,7,0.71,%,36
manusharma25,University of Arizona,Management Information System,2018,Fall,Applied,312,TOEFL,100,0.67,%,60
sayalisurya6723,University of Arizona,Management Information System,2018,Fall,Applied,312,TOEFL,102,0.65,%,20
Aakash6993,University of Arizona,Management Information System,2018,Fall,Applied,318,TOEFL,102,0.67,%,32
shreyadumbre,University of Arizona,Management Information System,2018,Fall,Applied,311,TOEFL,106,0.68,%,19
Tanya13,University of Arizona,Management Information System,2018,Fall,Applied,315,TOEFL,112,8.24,CGPA,1
adipareshshah,University of Arizona,Management Information System,2018,Fall,Applied, ,TOEFL,113,0.74,%,60
chaitali922,University of Arizona,Management Information System,2018,Fall,Applied,308,TOEFL,101,7.79,CGPA,16
Radhika26,University of Arizona,Management Information System,2018,Fall,Applied,308,TOEFL,93,7.8,CGPA,26
Anand31,University of Arizona,Management Information System,2018,Fall,Applied,314,TOEFL,0,0.63,%,40
abhijay22,University of Arizona,Management Information System,2018,Fall,Applied,319,TOEFL,101,6.57,CGPA,15
Kokil57,University of Arizona,Management Information System,2018,Fall,Applied,322,TOEFL,110,5.66,CGPA,6
shreyadumbre 23,University of Arizona,Management Information System,2018,Fall,Applied,311,TOEFL,106,0.68,%,19
Abhinavsharma071994,University of Arizona,Management Information System,2018,Fall,Applied,319,TOEFL,114,6.71,CGPA,14
Shubhra09,University of Arizona,Management Information System,2018,Fall,Applied,320,TOEFL,96,8.46,CGPA,42
Kunal-Indore,University of Arizona,Management Information System,2018,Fall,Applied,318,TOEFL,109,0.69,%,30
sukritibharti,University of Arizona,Management Information System,2018,Fall,Applied,308,TOEFL,108,8.65,CGPA,36
Shivapriyak,University of Arizona,Management Information System,2018,Fall,Applied,317,TOEFL,103,0.79,%,60
Keya2008,University of Arizona,Management Information System,2017,Fall,Applied,321,TOEFL,117,0.87,%,30
Amodoi,University of Arizona,Management Information System,2018,Fall,Applied,307,TOEFL,99,0.67,%,16
Apu0929,University of Arizona,Management Information System,2018,Fall,Admit,326,TOEFL,115,9.38,CGPA,1
pavithra25,University of Arizona,Management Information System,2018,Fall,Admit,308,TOEFL,105,0.85,%,60
JaySomaiya,University of Arizona,Management Information System,2018,Fall,Admit,317,TOEFL,110,6.93,CGPA,25
bostonner,University of Arizona,Management Information System,2018,Fall,Admit,315,TOEFL,104,0.77,%,3
KrithikaCT,University of Arizona,Management Information System,2018,Fall,Admit,301,TOEFL,0,0.8,%,60
tarunreddy7,University of Arizona,Management Information System,2018,Fall,Admit,315,TOEFL,104,6.97,CGPA,18
AnujC,University of Arizona,Management Information System,2018,Fall,Admit,325,TOEFL,115,9.12,CGPA,4
theharishkm,University of Arizona,Management Information System,2018,Fall,Admit, ,TOEFL,104,8.15,CGPA,33
AbhinavSharma0794,University of Arizona,Management Information System,2018,Fall,Admit,319,TOEFL,114,6.71,CGPA,14
YamunaBS,University of Arizona,Management Information System,2018,Fall,Admit,309,TOEFL,108,8.57,CGPA,37
Shreepriya,University of Arizona,Management Information System,2018,Fall,Admit,312,TOEFL,110,8.6,CGPA,24
KoSanjana,University of Arizona,Management Information System,2018,Fall,Admit,305,TOEFL,109,0.86,%,25
tushardobhal,University of Arizona,Management Information System,2018,Fall,Admit,325,TOEFL,115,9.55,CGPA,26
snigdha08,University of Arizona,Management Information System,2018,Fall,Admit,324,TOEFL,0,8.57,CGPA,23
Ankeet1406,University of Arizona,Management Information System,2018,Fall,Admit,326,TOEFL,111,0.6,%,42
Samra ,University of Arizona,Management Information System,2018,Fall,Admit,316,TOEFL,112,8.48,CGPA,21
Chk1919,University of Arizona,Management Information System,2018,Fall,Admit,319,IELTS,0,0.73,%,0
khyati20,University of Arizona,Management Information System,2018,Fall,Admit,313,TOEFL,101,0.68,%,42
AnkitaGosain,University of Arizona,Management Information System,2018,Fall,Admit,313,TOEFL,107,8.96,CGPA,0
anshul0414,University of Arizona,Management Information System,2018,Fall,Admit,316,TOEFL,103,0.81,%,13
ChauhanSaloni,University of Arizona,Management Information System,2018,Fall,Reject,306,TOEFL,98,10,CGPA,0
Skywalker95,University of Arizona,Management Information System,2018,Fall,Reject,317,TOEFL,101,0.67,%,18
Disha0701,University of Arizona,Management Information System,2018,Fall,Reject,308,TOEFL,84,0.69,%,43
dl4android,University of Arizona,Management Information System,2018,Fall,Reject,329,TOEFL,115,0.66,%,0
addy14,University of Arizona,Management Information System,2018,Fall,Reject,314,TOEFL,111,7.15,CGPA,3
Papansupratik,University of Arizona,Management Information System,2018,Fall,Reject,307,IELTS,0,7.61,CGPA,0
MohitS,University of Arizona,Management Information System,2018,Fall,Reject,311,TOEFL,110,0.66,%,50
Raksha-Wath,University of Arizona,Management Information System,2018,Fall,Reject,311,TOEFL,101,0.72,%,24
shreyank96,University of Arizona,Management Information System,2018,Fall,Reject,325,TOEFL,116,8.48,CGPA,2
kenil,University of Arizona,Management Information System,2018,Fall,Reject,323,TOEFL,110,8.55,CGPA,0
Aashay Kedar,University of Arizona,Management Information System,2018,Fall,Reject,313,TOEFL,104,7.2,CGPA,19
lamps1995,University of Arizona,Management Information System,2019,Spring,Reject, ,TOEFL,106,0.69,%,12
preranaS,University of Arizona,Management Information System,2018,Fall,Reject,298,TOEFL,0,7.12,CGPA,1
Chowry000,University of Arizona,Management Information System,2018,Fall,Reject,316,TOEFL,102,7.76,CGPA,54
Anuja1011,University of Arizona,Management Information System,2018,Fall,Reject,309,TOEFL,103,0.74,%,13
abhishek-karuna,University of Arizona,Management Information System,2018,Fall,Reject,313,TOEFL,97,7,CGPA,23
sankalp2610,University of Arizona,Management Information System,2018,Fall,Reject,306,TOEFL,99,0.74,%,0
Pranay9,University of Arizona,Management Information System,2018,Fall,Reject,315,IELTS,7.5,0.66,%,30
rajsoni,University of Arizona,Management Information System,2018,Fall,Reject,293,TOEFL,101,8.72,CGPA,20
Devash,University of Arizona,Management Information System,2018,Fall,Reject,305,TOEFL,100,9,CGPA,43
pranay1996,University of Arizona,Management Information System,2019,Fall,Interested,310,TOEFL,99,6.48,CGPA,12
Orpheus4256,University of Arizona,Management Information System,2019,Fall,Interested,310,TOEFL,106,7.92,CGPA,35
priyabalaji,University of Arizona,Management Information System,2019,Fall,Interested, ,IELTS,7.5,7.35,CGPA,0
Sujesh,University of Arizona,Management Information System,2019,Fall,Interested,321,TOEFL,114,7.58,CGPA,38
deepthia,University of Arizona,Management Information System,2019,Spring,Interested, ,IELTS,7.5,0.6,%,0
HetPatel,Illinois Institute of Technology,Management Information System,2018,Fall,Applied,289,IELTS,6,7.3,CGPA,2
Tejas patel,Illinois Institute of Technology,Management Information System,2018,Fall,Applied,307,IELTS,7,8.43,CGPA,0
yashhhhh,Illinois Institute of Technology,Management Information System,2018,Fall,Applied,298,TOEFL,91,5.39,CGPA,3
SwetaC,Illinois Institute of Technology,Management Information System,2018,Fall,Applied,303,TOEFL,94,0.8,%,38
Chekulka,Illinois Institute of Technology,Management Information System,2018,Fall,Applied,289,TOEFL,92,0.66,%,90
Vighu123,Illinois Institute of Technology,Management Information System,2018,Fall,Applied,309,TOEFL,108,0.6,%,14
Sujan r,Illinois Institute of Technology,Management Information System,2017,Fall,Applied,293,TOEFL,77,0.62,%,14
sanap92,Illinois Institute of Technology,Management Information System,2017,Fall,Applied,309,TOEFL,99,0.59,%,24
chetanmj23,Illinois Institute of Technology,Management Information System,2017,Fall,Applied,304,TOEFL,92,0.61,%,37
SrinivasRaju,Illinois Institute of Technology,Management Information System,2017,Fall,Applied,300,IELTS,7,0.73,%,48
kshitijsale,Illinois Institute of Technology,Management Information System,2017,Fall,Applied,302,TOEFL,100,0.6,%,18
Harsh7,Illinois Institute of Technology,Management Information System,2017,Fall,Applied,314,TOEFL,108,0.6,%,21
Oja,Illinois Institute of Technology,Management Information System,2017,Fall,Applied,303,TOEFL,84,0.64,%,17
RohanGupta,Illinois Institute of Technology,Management Information System,2017,Fall,Applied,310,TOEFL,98,7.45,CGPA,29
hardikbsjain,Illinois Institute of Technology,Management Information System,2017,Fall,Applied,315,TOEFL,105,6.45,CGPA,7
narreddinishitha,Illinois Institute of Technology,Management Information System,2017,Fall,Applied,297,IELTS,7,6.5,CGPA,15
ankit11,Illinois Institute of Technology,Management Information System,2017,Spring,Applied,301,TOEFL,83,0.56,%,60
VAIBHAVRAJ,Illinois Institute of Technology,Management Information System,2018,Fall,Admit,299,TOEFL,84,8.64,CGPA,67
arunpratap4554,Illinois Institute of Technology,Management Information System,2018,Fall,Admit,293,TOEFL,93,0.56,%,8
Srihari48,Illinois Institute of Technology,Management Information System,2018,Fall,Admit,300,IELTS,7,0.81,%,36
shruti7,Illinois Institute of Technology,Management Information System,2018,Fall,Admit,303,TOEFL,91,7.7,CGPA,1
Bhanu Chander,Illinois Institute of Technology,Management Information System,2018,Fall,Admit,305,IELTS,6,0.69,%,26
vasant,Illinois Institute of Technology,Management Information System,2018,Fall,Admit,296,TOEFL,93,7,CGPA,34
ReemaM,Illinois Institute of Technology,Management Information System,2018,Fall,Admit,291,IELTS,6.5,0.67,%,27
Bhavesh14,Illinois Institute of Technology,Management Information System,2018,Fall,Admit,294,TOEFL,93,0.54,%,35
Aman0098,Illinois Institute of Technology,Management Information System,2018,Fall,Admit,306,TOEFL,0,8.04,CGPA,40
vichemb,Illinois Institute of Technology,Management Information System,2018,Fall,Admit,296,TOEFL,100,6.2,CGPA,0
rohan1234,Illinois Institute of Technology,Management Information System,2018,Fall,Admit,295,IELTS,7.5,7.51,CGPA,32
ArthiAbilasha,Illinois Institute of Technology,Management Information System,2018,Fall,Admit,302,IELTS,0,7.3,CGPA,1
Lu3fer,Illinois Institute of Technology,Management Information System,2018,Fall,Admit,311,IELTS,7.5,6.12,CGPA,18
Saachi,Illinois Institute of Technology,Management Information System,2018,Fall,Admit,299,IELTS,0,8.1,CGPA,5
Anks123,Illinois Institute of Technology,Management Information System,2018,Fall,Admit,306,TOEFL,99,0.65,%,0
Akhild17,Illinois Institute of Technology,Management Information System,2018,Fall,Admit,300,TOEFL,88,0.6,%,29
Prabhus165,Illinois Institute of Technology,Management Information System,2018,Fall,Admit,302,TOEFL,92,0.66,%,24
jagadeesh1099,Illinois Institute of Technology,Management Information System,2018,Fall,Admit,307,IELTS,6,6.9,CGPA,26
Rishabh0009,Illinois Institute of Technology,Management Information System,2018,Fall,Admit,305,TOEFL,0,0.65,%,30
Rahul33,Illinois Institute of Technology,Management Information System,2018,Fall,Admit,304,IELTS,7.5,0.63,%,4
ChinmayArolkar,Illinois Institute of Technology,Management Information System,2018,Fall,Reject,298,TOEFL,82,6.22,CGPA,0
varadjoshi,Illinois Institute of Technology,Management Information System,2018,Fall,Reject,300,IELTS,6.5,6.27,CGPA,0
sanket1610,Illinois Institute of Technology,Management Information System,2017,Fall,Reject,308,IELTS,0,5.64,CGPA,0
Glary-1994,Illinois Institute of Technology,Management Information System,2018,Fall,Reject,289,TOEFL,81,6.12,CGPA,8
rohanganu,Illinois Institute of Technology,Management Information System,2018,Fall,Reject,306,TOEFL,104,0.58,%,5
drish1234,Illinois Institute of Technology,Management Information System,2018,Fall,Reject,300,TOEFL,92,6,CGPA,12
AdityaShri1995,Illinois Institute of Technology,Management Information System,2018,Fall,Reject,296,TOEFL,90,5.67,CGPA,8
Abhiraj29,Illinois Institute of Technology,Management Information System,2018,Fall,Reject,290,IELTS,7.5,7,CGPA,48
Jayeshiyer,Illinois Institute of Technology,Management Information System,2018,Fall,Reject,307,IELTS,7,0.54,%,31
anish_sridhar,Illinois Institute of Technology,Management Information System,2018,Fall,Reject,304,TOEFL,99,6.49,CGPA,0
fcb123,Illinois Institute of Technology,Management Information System,2018,Spring,Reject,299,IELTS,6.5,5.46,CGPA,2
anusha0998,Illinois Institute of Technology,Management Information System,2018,Spring,Reject,297,IELTS,6,0.59,%,12
yashnasree,Illinois Institute of Technology,Management Information System,2018,Spring,Reject,297,IELTS,7.5,7.97,CGPA,0
sashankmadhu,Illinois Institute of Technology,Management Information System,2018,Spring,Reject,293,IELTS,7,6.1,CGPA,0
sagar-maniyar,Illinois Institute of Technology,Management Information System,2017,Fall,Reject,286,IELTS,7,0.58,%,30
Akashsharma,Illinois Institute of Technology,Management Information System,2017,Fall,Reject,292,TOEFL,80,0.58,%,55
ezhilarasanelec,Illinois Institute of Technology,Management Information System,2017,Fall,Reject,302,TOEFL,99,6.7,CGPA,22
ayushp47,Illinois Institute of Technology,Management Information System,2017,Fall,Reject,306,TOEFL,103,0.52,%,1
Riazudeen,Illinois Institute of Technology,Management Information System,2017,Fall,Reject,305,TOEFL,90,6.89,CGPA,19
Sid250594,Illinois Institute of Technology,Management Information System,2017,Fall,Reject,300,TOEFL,90,0.55,%,4
Arpi99,Illinois Institute of Technology,Management Information System,2019,Spring,Interested,281,IELTS,6.5,0.74,%,60
SakshiMsUs,Illinois Institute of Technology,Management Information System,2018,Spring,Interested,304,TOEFL,95,0.67,%,35
kanulp26,Illinois Institute of Technology,Management Information System,2019,Spring,Interested,307,IELTS,6.5,8.4,CGPA,6
Sravya999,Illinois Institute of Technology,Management Information System,2019,Spring,Interested,296,IELTS,6.5,8.34,CGPA,0
Venkateshsivakumar,Illinois Institute of Technology,Management Information System,2019,Spring,Interested,296,TOEFL,81,7.37,CGPA,43
SatyaV,Illinois Institute of Technology,Management Information System,2019,Spring,Interested, ,IELTS,7,6.5,CGPA,22
bhanureddy27,Illinois Institute of Technology,Management Information System,2019,Spring,Interested,299,IELTS,7,7.8,CGPA,18
Sudhakar17,Illinois Institute of Technology,Management Information System,2019,Spring,Interested,331,IELTS,7,0.65,%,15
nidhipriya1993,Illinois Institute of Technology,Management Information System,2019,Spring,Interested,298,TOEFL,90,9.12,CGPA,24
AbhaAshapure,Illinois Institute of Technology,Management Information System,2018,Fall,Interested,300,TOEFL,83,0.68,%,12
rohinik,Illinois Institute of Technology,Management Information System,2019,Fall,Interested,296,TOEFL,100,8.05,CGPA,48
vvinayak21,Illinois Institute of Technology,Management Information System,2018,Fall,Interested, ,IELTS,7,0.51,%,13
Roshith567,Illinois Institute of Technology,Management Information System,2018,Fall,Interested,300,IELTS,7,6.6,CGPA,24
Pritha,Iowa State University,Management Information System,2018,Fall,Applied,309,IELTS,8,8,CGPA,2
supratik,Iowa State University,Management Information System,2018,Fall,Applied,307,IELTS,7,7.61,CGPA,37
Anshul,Iowa State University,Management Information System,2017,Fall,Applied,311,TOEFL,85,7.3,CGPA,19
ashish01at,Iowa State University,Management Information System,2017,Fall,Applied,318,TOEFL,104,7.76,CGPA,37
NayanK,Iowa State University,Management Information System,2017,Fall,Applied,317,TOEFL,102,0.78,%,21
bhavana1992,Iowa State University,Management Information System,2017,Spring,Applied,309,TOEFL,105,0.62,%,24
ayansri,Iowa State University,Management Information System,2016,Fall,Applied,299,TOEFL,86,0.6,%,18
gaily,Iowa State University,Management Information System,2016,Fall,Applied,318,TOEFL,101,8.3,CGPA,3
priyankad23,Iowa State University,Management Information System,2016,Fall,Applied,315,TOEFL,107,7.71,CGPA,0
anjana24,Iowa State University,Management Information System,2016,Fall,Applied,305,TOEFL,108,7.78,CGPA,0
prernastu,Iowa State University,Management Information System,2015,Fall,Applied,310,TOEFL,95,8,CGPA,30
lavinakh,Iowa State University,Management Information System,2016,Fall,Applied,311,TOEFL,100,0,%,0
kallurukranthi,Iowa State University,Management Information System,2016,Spring,Applied,300,TOEFL,100,0.65,%,0
varshinibalasundaram,Iowa State University,Management Information System,2016,Fall,Applied,303,IELTS,7,7.7,CGPA,30
jithu1,Iowa State University,Management Information System,2016,Spring,Applied,314,TOEFL,115,7,CGPA,0
chetas45,Iowa State University,Management Information System,2016,Fall,Applied,315,TOEFL,115,0.6,%,30
shailesh90,Iowa State University,Management Information System,2016,Spring,Applied,307,TOEFL,97,0.61,%,0
Triptha,Iowa State University,Management Information System,2018,Fall,Admit,309,IELTS,8,7.95,CGPA,3
nameeta,Iowa State University,Management Information System,2018,Fall,Admit,316,IELTS,8,8.87,CGPA,18
Karanghadge27,Iowa State University,Management Information System,2017,Fall,Admit,313,TOEFL,105,0.69,%,11
sarang131,Iowa State University,Management Information System,2018,Fall,Admit,311,IELTS,8,0.74,%,18
username1234,Iowa State University,Management Information System,2018,Fall,Admit,321,TOEFL,116,0.68,%,0
mohitgandhi2910,Iowa State University,Management Information System,2017,Fall,Admit,325,TOEFL,99,6.4,CGPA,8
Abhi2291,Iowa State University,Management Information System,2018,Fall,Admit,308,TOEFL,100,8.6,CGPA,34
Kishorkumar,Iowa State University,Management Information System,2018,Spring,Admit,313,TOEFL,106,7.58,CGPA,40
prasvj,Iowa State University,Management Information System,2017,Fall,Admit,307,IELTS,7,7.69,CGPA,33
Pooja2017,Iowa State University,Management Information System,2017,Fall,Admit,306,TOEFL,97,0.8,%,55
RitaSingh,Iowa State University,Management Information System,2017,Fall,Admit,305,TOEFL,99,0.72,%,72
kavyachelimella5,Iowa State University,Management Information System,2017,Fall,Admit,309,TOEFL,106,0.73,%,20
nickb,Iowa State University,Management Information System,2017,Fall,Admit,311,TOEFL,109,0.7,%,29
kum0207,Iowa State University,Management Information System,2017,Fall,Admit,309,TOEFL,97,0.77,%,43
Apoorva Purohit ,Iowa State University,Management Information System,2017,Fall,Admit,311,TOEFL,102,0.66,%,25
sarthakdm,Iowa State University,Management Information System,2017,Fall,Admit,315,TOEFL,100,8.06,CGPA,42
Pdhb,Iowa State University,Management Information System,2017,Fall,Admit,308,TOEFL,99,0.63,%,56
AniruthS,Iowa State University,Management Information System,2017,Fall,Admit,310,TOEFL,103,7.5,CGPA,20
Aashesh,Iowa State University,Management Information System,2018,Fall,Reject,308,IELTS,7.5,7.95,CGPA,18
ranitariki,Iowa State University,Management Information System,2018,Fall,Reject,304,TOEFL,96,9.24,CGPA,74
viky94,Iowa State University,Management Information System,2018,Fall,Reject,301,TOEFL,84,7.67,CGPA,50
Lux ,Iowa State University,Management Information System,2018,Fall,Reject,310,TOEFL,107,6.71,CGPA,12
Sugbug,Iowa State University,Management Information System,2019,Spring,Reject,304,TOEFL,104,8.7,CGPA,16
harishb08,Iowa State University,Management Information System,2018,Spring,Reject,310,TOEFL,106,6.89,CGPA,25
Eklavya,Iowa State University,Management Information System,2017,Fall,Reject,316,TOEFL,98,8.98,CGPA,22
Dhananjayn02,Iowa State University,Management Information System,2017,Fall,Reject,309,TOEFL,106,7.17,CGPA,29
Yaassh,Iowa State University,Management Information System,2017,Fall,Reject,318,TOEFL,113,5.97,CGPA,20
mathewjose228,Iowa State University,Management Information System,2017,Fall,Reject,313,TOEFL,101,0.66,%,17
zenith11,Iowa State University,Management Information System,2017,Fall,Reject,304,TOEFL,101,7.86,CGPA,8
kartik91827,Iowa State University,Management Information System,2017,Fall,Reject,320,TOEFL,112,0.57,%,48
dishan,Iowa State University,Management Information System,2017,Fall,Reject,306,TOEFL,90,7.23,CGPA,17
shiwoah,Iowa State University,Management Information System,2017,Spring,Reject,308,TOEFL,107,7.03,CGPA,11
HEMANTH2611,Iowa State University,Management Information System,2017,Spring,Reject,303,TOEFL,108,0.63,%,33
Ashwin53,Iowa State University,Management Information System,2017,Spring,Reject,314,TOEFL,101,7.35,CGPA,46
supradin,Iowa State University,Management Information System,2016,Fall,Reject,292,TOEFL,92,0.65,%,30
shweshri,Iowa State University,Management Information System,2016,Fall,Reject,305,TOEFL,92,0.71,%,36
varshbala9,Iowa State University,Management Information System,2016,Fall,Reject,303,IELTS,7,7.69,CGPA,22
pav1993,Iowa State University,Management Information System,2019,Fall,Interested,310,TOEFL,0,8.98,CGPA,35
vivekku9944,Iowa State University,Management Information System,2018,Fall,Interested,293,TOEFL,82,0.55,%,22
SB93,Iowa State University,Management Information System,2018,Spring,Interested,326,TOEFL,105,5.8,CGPA,28
sidd1694,Iowa State University,Management Information System,2019,Spring,Interested,316,IELTS,7.5,0.7,%,28
Aavishkar,Iowa State University,Management Information System,2019,Spring,Interested,300,TOEFL,101,7.5,CGPA,1
mrudulayb,Iowa State University,Management Information System,2017,Fall,Interested,307,TOEFL,105,0.65,%,0
Harish96,Iowa State University,Management Information System,2019,Spring,Interested,316,IELTS,7.5,7.26,CGPA,11
Sanja,Iowa State University,Management Information System,2019,Spring,Interested,310,TOEFL,101,0.6,%,25
mihir0412,Indiana University Bloomington,Management Information System,2018,Fall,Applied,315,TOEFL,110,8.6,CGPA,3
Ami0603,Indiana University Bloomington,Management Information System,2018,Fall,Applied,314,TOEFL,106,7.63,CGPA,6
Prteekwahi,Indiana University Bloomington,Management Information System,2018,Fall,Applied,321,TOEFL,112,0.72,%,28
samman,Indiana University Bloomington,Management Information System,2018,Fall,Applied,315,TOEFL,103,0.66,%,11
Sdh,Indiana University Bloomington,Management Information System,2018,Fall,Applied,318,TOEFL,112,0.8,%,16
GauravChatterjee,Indiana University Bloomington,Management Information System,2018,Fall,Applied,309,TOEFL,100,0.61,%,40
chandanus18,Indiana University Bloomington,Management Information System,2018,Fall,Applied,321,TOEFL,100,8.55,CGPA,37
vareddy,Indiana University Bloomington,Management Information System,2017,Fall,Applied,328,TOEFL,109,0.62,%,33
Dhwanil,Indiana University Bloomington,Management Information System,2018,Fall,Applied,318,TOEFL,106,7.36,CGPA,2
Kaneki,Indiana University Bloomington,Management Information System,2018,Fall,Applied,323,TOEFL,104,8.7,CGPA,7
akansha-srivastava,Indiana University Bloomington,Management Information System,2014,Fall,Applied,324,TOEFL,104,0.9,%,29
Jinx,Indiana University Bloomington,Management Information System,2018,Fall,Applied,319,TOEFL,105,6.8,CGPA,6
surpriseme,Indiana University Bloomington,Management Information System,2018,Fall,Applied,327,TOEFL,110,7.13,CGPA,39
rmure04,Indiana University Bloomington,Management Information System,2017,Spring,Applied,307,TOEFL,107,8,CGPA,18
Ray1007,Indiana University Bloomington,Management Information System,2017,Fall,Applied,316,TOEFL,104,0.9,%,38
rishabh92,Indiana University Bloomington,Management Information System,2017,Fall,Applied,316,TOEFL,112,0.65,%,29
Neha811,Indiana University Bloomington,Management Information System,2017,Fall,Applied,330,TOEFL,113,0.77,%,37
apsarkar,Indiana University Bloomington,Management Information System,2017,Fall,Applied, ,TOEFL,117,0.8,%,52
Raji1203,Indiana University Bloomington,Management Information System,2017,Fall,Applied,310,TOEFL,101,0.84,%,27
swatiawasthi,Indiana University Bloomington,Management Information System,2017,Fall,Applied,317,TOEFL,110,8.04,CGPA,24
shreyank96,Indiana University Bloomington,Management Information System,2018,Fall,Admit,325,TOEFL,116,8.48,CGPA,2
Adhishri,Indiana University Bloomington,Management Information System,2018,Fall,Admit,303,TOEFL,102,0.65,%,9
soumili,Indiana University Bloomington,Management Information System,2018,Fall,Admit,320,TOEFL,112,0.8,%,28
PavitraThacker,Indiana University Bloomington,Management Information System,2018,Fall,Admit,325,TOEFL,119,8.24,CGPA,0
anshul0414,Indiana University Bloomington,Management Information System,2018,Fall,Admit,316,TOEFL,103,0.81,%,13
suyashkhemka,Indiana University Bloomington,Management Information System,2018,Fall,Admit,323,TOEFL,103,7.92,CGPA,7
Adyasha1094,Indiana University Bloomington,Management Information System,2018,Fall,Admit,318,TOEFL,118,8.43,CGPA,30
Apu0929,Indiana University Bloomington,Management Information System,2018,Fall,Admit,326,TOEFL,115,9.38,CGPA,1
ashok05,Indiana University Bloomington,Management Information System,2018,Fall,Admit,319,TOEFL,113,9.3,CGPA,11
SukritG,Indiana University Bloomington,Management Information System,2018,Fall,Admit,313,TOEFL,111,8.5,CGPA,31
Krutika93,Indiana University Bloomington,Management Information System,2018,Fall,Admit,315,TOEFL,105,7.42,CGPA,0
Chk1919,Indiana University Bloomington,Management Information System,2018,Fall,Admit,319,IELTS,0,0.73,%,0
MayurDevil,Indiana University Bloomington,Management Information System,2018,Fall,Admit,319,TOEFL,112,7.52,CGPA,35
ketakireddy,Indiana University Bloomington,Management Information System,2013,Fall,Admit,312,TOEFL,113,0.65,%,0
sanketwalavalka,Indiana University Bloomington,Management Information System,2011,Fall,Admit, ,TOEFL,101,0.68,%,0
loveenvarghese,Indiana University Bloomington,Management Information System,2011,Fall,Admit,324,TOEFL,113,0.66,%,0
adityajagitani,Indiana University Bloomington,Management Information System,2012,Fall,Admit,316,TOEFL,100,0.62,%,0
Sonali2810,Indiana University Bloomington,Management Information System,2018,Fall,Reject,322,TOEFL,110,0.79,%,27
clinton30,Indiana University Bloomington,Management Information System,2018,Fall,Reject,317,TOEFL,114,0.62,%,36
Raksha-Wath,Indiana University Bloomington,Management Information System,2018,Fall,Reject,311,TOEFL,101,0.72,%,24
kkt270993,Indiana University Bloomington,Management Information System,2018,Fall,Reject,316,TOEFL,114,0.7,%,26
kramikg,Indiana University Bloomington,Management Information System,2018,Fall,Reject,312,TOEFL,108,7.14,CGPA,6
Shreepriya,Indiana University Bloomington,Management Information System,2018,Fall,Reject,312,TOEFL,110,8.6,CGPA,24
gauriyewale,Indiana University Bloomington,Management Information System,2018,Fall,Reject,312,TOEFL,105,0.65,%,18
vishal khatri,Indiana University Bloomington,Management Information System,2018,Fall,Reject,326,TOEFL,113,0.69,%,44
Kherdekar,Indiana University Bloomington,Management Information System,2018,Fall,Reject,324,TOEFL,110,0.64,%,16
darshit96,Indiana University Bloomington,Management Information System,2018,Fall,Reject,322,TOEFL,104,8.3,CGPA,0
Anju1234,Indiana University Bloomington,Management Information System,2018,Fall,Reject,319,TOEFL,113,0.73,%,26
Hardit,Indiana University Bloomington,Management Information System,2018,Fall,Reject,324,TOEFL,114,8.3,CGPA,30
sayalisurya6723,Indiana University Bloomington,Management Information System,2018,Fall,Reject,312,TOEFL,102,0.65,%,20
bara,Indiana University Bloomington,Management Information System,2018,Fall,Reject,320,TOEFL,108,0.65,%,41
rupam3,Indiana University Bloomington,Management Information System,2018,Fall,Reject,312,TOEFL,98,7.07,CGPA,14
sukritibharti,Indiana University Bloomington,Management Information System,2018,Fall,Reject,308,TOEFL,108,8.65,CGPA,36
hiback,Indiana University Bloomington,Management Information System,2018,Fall,Reject,314,TOEFL,108,0.71,%,28
samaksudhakar,Indiana University Bloomington,Management Information System,2018,Fall,Reject,306,TOEFL,99,8.79,CGPA,30
DarshG,Indiana University Bloomington,Management Information System,2018,Fall,Reject,315,TOEFL,101,9.81,CGPA,0
Abhiggg,Indiana University Bloomington,Management Information System,2018,Fall,Interested,314,TOEFL,100,8.5,CGPA,15
Sujesh,Indiana University Bloomington,Management Information System,2019,Fall,Interested,321,TOEFL,114,7.58,CGPA,38
Apoorva171996,Indiana University Bloomington,Management Information System,2019,Spring,Interested,302,TOEFL,100,0.71,%,0
diviraj,Indiana University Bloomington,Management Information System,2019,Spring,Interested,303,TOEFL,103,9,CGPA,2
aditi15,Indiana University Bloomington,Management Information System,2018,Fall,Interested,310,TOEFL,0,0.8,%,36
om92,"University of Minnesota, Twin Cities",Management Information System,2018,Spring,Applied, ,TOEFL,108,7.4,CGPA,44
Pankajnarcisst,"University of Minnesota, Twin Cities",Management Information System,2018,Fall,Applied,321,TOEFL,104,0.71,%,76
krishvw,"University of Minnesota, Twin Cities",Management Information System,2015,Fall,Applied,318,TOEFL,106,6.41,CGPA,0
lavinakh,"University of Minnesota, Twin Cities",Management Information System,2016,Fall,Applied,311,TOEFL,100,0,%,0
ovpathy,"University of Minnesota, Twin Cities",Management Information System,2016,Fall,Applied,326,TOEFL,106,7,CGPA,0
adityasingh92,"University of Minnesota, Twin Cities",Management Information System,2016,Fall,Applied,320,TOEFL,102,7,CGPA,30
utsavsharma1990,"University of Minnesota, Twin Cities",Management Information System,2016,Fall,Applied,308,TOEFL,88,7.06,CGPA,0
prasoonmathur1atgmail.com,"University of Minnesota, Twin Cities",Management Information System,2015,Fall,Applied,306,TOEFL,94,0.68,%,20
fanilgada,"University of Minnesota, Twin Cities",Management Information System,2016,Fall,Admit,309,TOEFL,102,0.71,%,30
vijayavjvjvj,"University of Minnesota, Twin Cities",Management Information System,2015,Fall,Admit,319,TOEFL,110,0.75,%,0
Prachigupta,"University of Minnesota, Twin Cities",Management Information System,2018,Fall,Reject,316,TOEFL,103,0.81,%,28
dpaulswa,"University of Minnesota, Twin Cities",Management Information System,2016,Fall,Reject,300,TOEFL,94,8.1,CGPA,29
sohilveljee.stupidsid,"University of Minnesota, Twin Cities",Management Information System,2013,Fall,Reject,321,TOEFL,113,8.83,CGPA,20
AnkitaGhosh,"University of Minnesota, Twin Cities",Management Information System,2019,Fall,Interested,296,TOEFL,97,8.85,CGPA,22
Sujesh,"University of Minnesota, Twin Cities",Management Information System,2019,Fall,Interested,321,TOEFL,114,7.58,CGPA,38
prabhu12456,"University of Minnesota, Twin Cities",Management Information System,2019,Spring,Interested,312,TOEFL,109,7.2,CGPA,33
Bubbloo,"University of Minnesota, Twin Cities",Management Information System,2019,Spring,Interested,304,TOEFL,106,0.87,%,60
Ram1199,"University of Minnesota, Twin Cities",Management Information System,2019,Spring,Interested,305,IELTS,7,0.62,%,8
shoaib123,"University of Minnesota, Twin Cities",Management Information System,2018,Spring,Interested,320,TOEFL,95,0.72,%,14
shaileshbh1984,"University of Minnesota, Twin Cities",Management Information System,2018,Fall,Interested, ,IELTS,0,0.55,%,124
Aavishkar,"University of Minnesota, Twin Cities",Management Information System,2019,Spring,Interested,300,TOEFL,101,7.5,CGPA,1
Jaindeepak2008,"University of Minnesota, Twin Cities",Management Information System,2018,Fall,Interested, ,IELTS,7,0.52,%,111
dhadwal,Northwestern University,Management Information System,2018,Fall,Applied,331,TOEFL,107,0.64,%,24
jprashant21,Northwestern University,Management Information System,2016,Fall,Applied,319,TOEFL,104,9.21,CGPA,30
grecs2016,Northwestern University,Management Information System,2017,Fall,Applied,317,TOEFL,105,0.8,%,60
akashjain,Northwestern University,Management Information System,2016,Fall,Applied,318,TOEFL,110,8.2,CGPA,20
suchinihar88,Northwestern University,Management Information System,2016,Fall,Applied,326,TOEFL,110,7.2,CGPA,50
thespunkdaemon,Northwestern University,Management Information System,2016,Fall,Applied,316,TOEFL,109,0.64,%,36
vijaymsinus123,Northwestern University,Management Information System,2016,Fall,Applied,326,TOEFL,104,7.79,CGPA,12
apoc802,Northwestern University,Management Information System,2015,Fall,Applied,311,TOEFL,99,7,CGPA,20
akashnahata,Northwestern University,Management Information System,2016,Fall,Applied,318,TOEFL,106,8.1,CGPA,30
yashwanth2212,Northwestern University,Management Information System,2016,Fall,Applied,317,TOEFL,104,7,CGPA,30
rapidstar5,Northwestern University,Management Information System,2016,Fall,Admit,311,TOEFL,101,0.62,%,54
saurabh484,Northwestern University,Management Information System,2016,Fall,Admit,318,TOEFL,105,6.8,CGPA,42
krishi591,Northwestern University,Management Information System,2015,Fall,Reject,314,TOEFL,95,0.58,%,0
pav1993,Northwestern University,Management Information System,2019,Fall,Interested,310,TOEFL,0,8.98,CGPA,35
ManeeshMettu,Northwestern University,Management Information System,2019,Fall,Interested,315,TOEFL,112,8.3,CGPA,12
vivekku9944,Northwestern University,Management Information System,2018,Fall,Interested,293,TOEFL,82,0.55,%,22
priyabalaji,Northwestern University,Management Information System,2019,Fall,Interested, ,IELTS,7.5,7.35,CGPA,0
Dishu31,Northwestern University,Management Information System,2019,Fall,Interested,315,TOEFL,100,7.54,CGPA,0
rhtchdhry,Northwestern University,Management Information System,2019,Spring,Interested, ,IELTS,7,0.72,%,29
aman2129,Northwestern University,Management Information System,2019,Fall,Interested,326,TOEFL,99,8.32,CGPA,12
Rishabhpanwar05,Rensselaer Polytechnic Institute,Management Information System,2018,Fall,Applied,329,TOEFL,110,7.4,CGPA,4
Prakirn,Rensselaer Polytechnic Institute,Management Information System,2018,Fall,Applied,321,TOEFL,104,6.54,CGPA,2
Tanvi2703,Rensselaer Polytechnic Institute,Management Information System,2018,Fall,Applied,302,TOEFL,104,6.15,CGPA,5
kenil,Rensselaer Polytechnic Institute,Management Information System,2018,Fall,Applied,323,TOEFL,110,8.55,CGPA,0
hrithik,Rensselaer Polytechnic Institute,Management Information System,2017,Fall,Applied,312,TOEFL,91,7.22,CGPA,30
SarveshT,Rensselaer Polytechnic Institute,Management Information System,2017,Spring,Applied,334,TOEFL,115,6.99,CGPA,60
akshay-arora,Rensselaer Polytechnic Institute,Management Information System,2016,Fall,Applied,320,TOEFL,104,0.75,%,30
priyanshi7,Rensselaer Polytechnic Institute,Management Information System,2016,Spring,Applied,328,TOEFL,117,8,CGPA,0
akashnahata,Rensselaer Polytechnic Institute,Management Information System,2016,Fall,Applied,318,TOEFL,106,8.1,CGPA,30
hanamana,Rensselaer Polytechnic Institute,Management Information System,2018,Fall,Admit,318,TOEFL,111,6.68,CGPA,6
prem23,Rensselaer Polytechnic Institute,Management Information System,2018,Fall,Admit,315,TOEFL,99,7.6,CGPA,0
jainpeeyush2017,Rensselaer Polytechnic Institute,Management Information System,2018,Fall,Admit,322,TOEFL,107,0.77,%,60
anmol03,Rensselaer Polytechnic Institute,Management Information System,2017,Fall,Admit,327,TOEFL,104,7.28,CGPA,9
amolkhade,Rensselaer Polytechnic Institute,Management Information System,2016,Fall,Admit,324,TOEFL,106,0.56,%,0
sandiep321,Rensselaer Polytechnic Institute,Management Information System,2016,Fall,Admit,317,IELTS,7,7.7,CGPA,34
priyankad23,Rensselaer Polytechnic Institute,Management Information System,2016,Fall,Admit,315,TOEFL,107,7.71,CGPA,0
shraddhasubhedar,Rensselaer Polytechnic Institute,Management Information System,2016,Fall,Admit,320,TOEFL,113,8.14,CGPA,0
sagarkhasnis.stupidsid,Rensselaer Polytechnic Institute,Management Information System,2013,Fall,Admit,319,TOEFL,114,0.6,%,30
tanveersachdeva.stupidsid,Rensselaer Polytechnic Institute,Management Information System,2013,Fall,Admit,322,TOEFL,110,0.65,%,10
network.burner,Rensselaer Polytechnic Institute,Management Information System,2015,Fall,Admit,313,TOEFL,100,0.62,%,10
ut0501,Rensselaer Polytechnic Institute,Management Information System,2015,Fall,Admit,321,TOEFL,113,7,CGPA,12
vvega89,Rensselaer Polytechnic Institute,Management Information System,2017,Fall,Reject,317,IELTS,7.5,0.59,%,50
sagarsingh244,Rensselaer Polytechnic Institute,Management Information System,2016,Fall,Reject,320,TOEFL,101,8.36,CGPA,0
vini54,Rensselaer Polytechnic Institute,Management Information System,2016,Fall,Reject,309,TOEFL,105,7.75,CGPA,0
vivekku9944,Rensselaer Polytechnic Institute,Management Information System,2018,Fall,Interested,293,TOEFL,82,0.55,%,22
Apoorva171996,Rensselaer Polytechnic Institute,Management Information System,2019,Spring,Interested,302,TOEFL,100,0.71,%,0
dJ93,Rensselaer Polytechnic Institute,Management Information System,2018,Fall,Interested,306,TOEFL,97,8.5,CGPA,34
skondepudi,Rensselaer Polytechnic Institute,Management Information System,2018,Fall,Interested,297,IELTS,7,6.87,CGPA,32
Ankurchintu,Rensselaer Polytechnic Institute,Management Information System,2019,Fall,Interested,315,IELTS,7.5,0.6,%,30
jazz1085,Rensselaer Polytechnic Institute,Management Information System,2018,Fall,Interested,297,TOEFL,97,0.68,%,87
HarshVC,Rensselaer Polytechnic Institute,Management Information System,2018,Fall,Interested,300,IELTS,7,9.6,CGPA,0
Shashi1512,Rensselaer Polytechnic Institute,Management Information System,2018,Fall,Interested,291,TOEFL,79,6.78,CGPA,32
bhumiii3,"Rutgers University, Newark",Management Information System,2018,Fall,Applied,297,TOEFL,98,6.08,CGPA,0
priya s,"Rutgers University, Newark",Management Information System,2018,Fall,Applied,304,TOEFL,102,8.5,CGPA,52
harsu,"Rutgers University, Newark",Management Information System,2018,Fall,Applied,309,TOEFL,93,7.3,CGPA,0
sayalic,"Rutgers University, Newark",Management Information System,2018,Fall,Applied, ,TOEFL,80,7.86,CGPA,1
manojs,"Rutgers University, Newark",Management Information System,2018,Fall,Applied,302,TOEFL,98,6.6,CGPA,18
goelsarthak,"Rutgers University, Newark",Management Information System,2018,Fall,Applied,303,TOEFL,99,0.72,%,40
dkb,"Rutgers University, Newark",Management Information System,2018,Spring,Applied,302,IELTS,6,8.56,CGPA,0
ParijaP,"Rutgers University, Newark",Management Information System,2017,Fall,Applied,309,TOEFL,99,0.69,%,17
dee051,"Rutgers University, Newark",Management Information System,2017,Fall,Applied,297,TOEFL,97,0.53,%,0
saptak,"Rutgers University, Newark",Management Information System,2017,Fall,Applied,299,TOEFL,100,0.55,%,25
Raj Masrani,"Rutgers University, Newark",Management Information System,2017,Fall,Applied,304,TOEFL,99,5.96,CGPA,0
kshitijsale,"Rutgers University, Newark",Management Information System,2017,Fall,Applied,302,TOEFL,100,0.6,%,18
DashDalvi,"Rutgers University, Newark",Management Information System,2017,Fall,Applied,310,TOEFL,100,6.5,CGPA,4
hranjan,"Rutgers University, Newark",Management Information System,2017,Fall,Applied,306,TOEFL,97,8.07,CGPA,26
munna463,"Rutgers University, Newark",Management Information System,2017,Spring,Applied,306,TOEFL,94,0.73,%,12
Sidaxelrod,"Rutgers University, Newark",Management Information System,2018,Fall,Applied,322,TOEFL,101,0.59,%,24
palashi19,"Rutgers University, Newark",Management Information System,2016,Fall,Applied,319,TOEFL,112,6,CGPA,0
czhirag,"Rutgers University, Newark",Management Information System,2016,Fall,Applied,318,TOEFL,98,0.63,%,0
malhota,"Rutgers University, Newark",Management Information System,2016,Fall,Applied,299,IELTS,7.5,0.78,%,0
Dhruv94,"Rutgers University, Newark",Management Information System,2018,Fall,Admit,303,TOEFL,85,6.3,CGPA,6
arpita103,"Rutgers University, Newark",Management Information System,2018,Fall,Admit,300,TOEFL,93,0.69,%,82
sailinaik,"Rutgers University, Newark",Management Information System,2018,Fall,Admit,294,TOEFL,95,6.25,CGPA,12
MrPerfect ,"Rutgers University, Newark",Management Information System,2018,Fall,Admit,294,TOEFL,90,6.6,CGPA,0
DivyaN21,"Rutgers University, Newark",Management Information System,2018,Fall,Admit,298,TOEFL,95,0.67,%,30
shruti7,"Rutgers University, Newark",Management Information System,2018,Fall,Admit,303,TOEFL,91,7.7,CGPA,1
abckfkjeso,"Rutgers University, Newark",Management Information System,2018,Fall,Admit,303,TOEFL,0,0.6,%,14
Jaynee,"Rutgers University, Newark",Management Information System,2018,Fall,Admit,293,TOEFL,95,7.3,CGPA,33
ReemaM,"Rutgers University, Newark",Management Information System,2018,Fall,Admit,291,IELTS,6.5,0.67,%,27
Bhavesh14,"Rutgers University, Newark",Management Information System,2018,Fall,Admit,294,TOEFL,93,0.54,%,35
Dipp1221,"Rutgers University, Newark",Management Information System,2018,Fall,Admit,294,TOEFL,0,8.69,CGPA,16
Shveta,"Rutgers University, Newark",Management Information System,2018,Fall,Admit,300,TOEFL,0,0.67,%,56
Shivam-Naik,"Rutgers University, Newark",Management Information System,2018,Fall,Admit,295,TOEFL,0,0.64,%,26
DrashtiShah,"Rutgers University, Newark",Management Information System,2018,Fall,Admit,308,TOEFL,95,3.5,CGPA,3
SamidhaSomu,"Rutgers University, Newark",Management Information System,2018,Fall,Admit,297,TOEFL,101,6.8,CGPA,19
np-masters,"Rutgers University, Newark",Management Information System,2018,Fall,Admit,306,TOEFL,0,0.64,%,31
Nehneh,"Rutgers University, Newark",Management Information System,2016,Fall,Admit,299,TOEFL,91,0.64,%,32
rmanek,"Rutgers University, Newark",Management Information System,2018,Fall,Admit,310,TOEFL,96,0.56,%,36
Ritwin,"Rutgers University, Newark",Management Information System,2018,Fall,Admit,310,TOEFL,0,7.7,CGPA,2
kamakshi,"Rutgers University, Newark",Management Information System,2018,Fall,Reject,296,IELTS,6,0.6,%,36
Lux ,"Rutgers University, Newark",Management Information System,2018,Fall,Reject,310,TOEFL,107,6.71,CGPA,12
Proshonjit,"Rutgers University, Newark",Management Information System,2017,Fall,Reject,313,TOEFL,112,0.55,%,43
Rohan0901,"Rutgers University, Newark",Management Information System,2019,Spring,Interested,308,TOEFL,92,0.63,%,60
sulagna1994,"Rutgers University, Newark",Management Information System,2019,Spring,Interested,302,TOEFL,106,8.39,CGPA,24
sandeepyadav599,"Rutgers University, Newark",Management Information System,2020,Fall,Interested,310,TOEFL,92,5.5,CGPA,0
pav1993,"Rutgers University, Newark",Management Information System,2019,Fall,Interested,310,TOEFL,0,8.98,CGPA,35
ShubhamCfc,"Rutgers University, Newark",Management Information System,2019,Spring,Interested,302,TOEFL,98,0.73,%,40
dheerajraavi,"Rutgers University, Newark",Management Information System,2019,Spring,Interested,303,IELTS,8,7.02,CGPA,0
universalen1995,"Rutgers University, Newark",Management Information System,2019,Spring,Interested,292,TOEFL,90,6.52,CGPA,13
lokesh2334,"Rutgers University, Newark",Management Information System,2019,Spring,Interested,295,TOEFL,93,0.54,%,41
Advika,University at Buffalo SUNY,Management Information System,2018,Fall,Applied,304,TOEFL,88,0.79,%,57
ashutoshshukla,University at Buffalo SUNY,Management Information System,2018,Fall,Applied,313,TOEFL,106,0.64,%,59
753255,University at Buffalo SUNY,Management Information System,2018,Fall,Applied,313,TOEFL,107,0.62,%,6
AmanNigam,University at Buffalo SUNY,Management Information System,2018,Fall,Applied,308,TOEFL,93,0.81,%,27
sayalisurya6723,University at Buffalo SUNY,Management Information System,2018,Fall,Applied,312,TOEFL,102,0.65,%,20
psahu,University at Buffalo SUNY,Management Information System,2018,Fall,Applied,318,TOEFL,108,0.7,%,31
Sashank1005,University at Buffalo SUNY,Management Information System,2018,Fall,Applied,306,TOEFL,104,0.8,%,20
gaurav995,University at Buffalo SUNY,Management Information System,2018,Fall,Applied,311,TOEFL,102,0.77,%,0
----------,University at Buffalo SUNY,Management Information System,2018,Fall,Applied, ,TOEFL,102,8.87,CGPA,30
apurvakharate,University at Buffalo SUNY,Management Information System,2018,Fall,Applied,305,TOEFL,91,0.64,%,15
Raghav11011,University at Buffalo SUNY,Management Information System,2018,Fall,Applied,313,TOEFL,98,7.1,CGPA,32
skido04,University at Buffalo SUNY,Management Information System,2018,Fall,Applied,304,TOEFL,105,3.69,CGPA,24
Kiah-kol,University at Buffalo SUNY,Management Information System,2018,Fall,Applied,322,TOEFL,107,0.74,%,28
adipareshshah,University at Buffalo SUNY,Management Information System,2018,Fall,Applied, ,TOEFL,113,0.74,%,60
karan0011,University at Buffalo SUNY,Management Information System,2018,Fall,Applied,307,TOEFL,95,0.65,%,48
pcar12,University at Buffalo SUNY,Management Information System,2018,Fall,Applied,311,TOEFL,110,0.64,%,72
abhibogi,University at Buffalo SUNY,Management Information System,2018,Fall,Applied,309,TOEFL,99,8.56,CGPA,0
Aman0098,University at Buffalo SUNY,Management Information System,2018,Fall,Applied,306,TOEFL,0,8.04,CGPA,40
pavithra25,University at Buffalo SUNY,Management Information System,2018,Fall,Admit,308,TOEFL,105,0.85,%,60
Jaiwant,University at Buffalo SUNY,Management Information System,2018,Fall,Admit,301,TOEFL,93,0.84,%,20
pmesh,University at Buffalo SUNY,Management Information System,2018,Fall,Admit,320,TOEFL,117,0.59,%,30
JaySomaiya,University at Buffalo SUNY,Management Information System,2018,Fall,Admit,317,TOEFL,110,6.93,CGPA,25
charvib,University at Buffalo SUNY,Management Information System,2018,Fall,Admit,323,TOEFL,109,0.8,%,13
Anoosha P,University at Buffalo SUNY,Management Information System,2018,Fall,Admit,304,TOEFL,83,0.79,%,18
Shweth94,University at Buffalo SUNY,Management Information System,2018,Fall,Admit,310,TOEFL,90,0.71,%,6
Anand31,University at Buffalo SUNY,Management Information System,2018,Fall,Admit,314,TOEFL,0,0.63,%,40
dGMaahi,University at Buffalo SUNY,Management Information System,2018,Fall,Admit,318,IELTS,7.5,8.17,CGPA,0
Sudesh,University at Buffalo SUNY,Management Information System,2018,Fall,Admit,314,TOEFL,96,8,CGPA,24
Vedang07,University at Buffalo SUNY,Management Information System,2018,Fall,Admit,317,TOEFL,108,8.2,CGPA,0
Pavan1208,University at Buffalo SUNY,Management Information System,2018,Fall,Admit,314,TOEFL,0,0.87,%,30
sayeejadhav,University at Buffalo SUNY,Management Information System,2018,Fall,Admit,310,TOEFL,102,0.6,%,26
Balvaishwer,University at Buffalo SUNY,Management Information System,2018,Fall,Admit,313,TOEFL,0,0.84,%,24
Skywalker95,University at Buffalo SUNY,Management Information System,2018,Fall,Admit,317,TOEFL,101,0.67,%,18
Disha0701,University at Buffalo SUNY,Management Information System,2018,Fall,Admit,308,TOEFL,84,0.69,%,43
nikhil714,University at Buffalo SUNY,Management Information System,2018,Fall,Admit,308,IELTS,0,7.31,CGPA,23
mischief-managed,University at Buffalo SUNY,Management Information System,2015,Fall,Admit,311,TOEFL,111,0.6,%,40
Sharon27,University at Buffalo SUNY,Management Information System,2018,Fall,Admit,317,IELTS,7.5,7.93,CGPA,57
Aniru06,University at Buffalo SUNY,Management Information System,2018,Fall,Admit,312,TOEFL,92,0.75,%,50
Patty1993,University at Buffalo SUNY,Management Information System,2018,Fall,Reject,305,TOEFL,109,0.65,%,29
shruti7,University at Buffalo SUNY,Management Information System,2018,Fall,Reject,303,TOEFL,91,7.7,CGPA,1
anandm1993,University at Buffalo SUNY,Management Information System,2018,Fall,Reject,309,TOEFL,105,0.87,%,30
ashwinsr20,University at Buffalo SUNY,Management Information System,2018,Fall,Reject,312,TOEFL,0,7.7,CGPA,0
hrgupta,University at Buffalo SUNY,Management Information System,2018,Fall,Reject,310,TOEFL,107,7.39,CGPA,14
abhishek-yocket-8,University at Buffalo SUNY,Management Information System,2018,Fall,Reject,308,TOEFL,100,0.58,%,12
Kibria,University at Buffalo SUNY,Management Information System,2018,Fall,Reject,305,TOEFL,88,9,CGPA,40
Girih,University at Buffalo SUNY,Management Information System,2018,Fall,Reject,307,TOEFL,101,8.63,CGPA,45
jaaaaadu,University at Buffalo SUNY,Management Information System,2018,Fall,Reject,308,TOEFL,101,7.3,CGPA,9
priyankaguha36,University at Buffalo SUNY,Management Information System,2018,Fall,Reject, ,TOEFL,90,0.82,%,48
Aditya-Manmode,University at Buffalo SUNY,Management Information System,2018,Fall,Reject,304,TOEFL,88,0.64,%,47
lxmirmsh,University at Buffalo SUNY,Management Information System,2018,Fall,Reject,300,TOEFL,104,0.74,%,29
Sanchsabharwal,University at Buffalo SUNY,Management Information System,2018,Fall,Reject,308,TOEFL,100,9.23,CGPA,26
5amuel,University at Buffalo SUNY,Management Information System,2018,Fall,Reject,312,TOEFL,110,6.8,CGPA,60
abhishek1412,University at Buffalo SUNY,Management Information System,2018,Fall,Reject,308,TOEFL,90,0.69,%,54
sharad83pz,University at Buffalo SUNY,Management Information System,2018,Fall,Reject,305,TOEFL,98,0.74,%,34
div0724,University at Buffalo SUNY,Management Information System,2018,Fall,Reject,308,TOEFL,100,0.64,%,29
Giridhar312,University at Buffalo SUNY,Management Information System,2018,Fall,Reject,311,IELTS,7,7.74,CGPA,25
viky94,University at Buffalo SUNY,Management Information System,2018,Fall,Reject,301,TOEFL,84,7.67,CGPA,50
pranay1996,University at Buffalo SUNY,Management Information System,2019,Fall,Interested,310,TOEFL,99,6.48,CGPA,12
Apoorva171996,University at Buffalo SUNY,Management Information System,2019,Spring,Interested,302,TOEFL,100,0.71,%,0
Kaityln,University at Buffalo SUNY,Management Information System,2019,Fall,Interested, ,IELTS,8,7.4,CGPA,12
ManeeshMettu,University at Buffalo SUNY,Management Information System,2019,Fall,Interested,315,TOEFL,112,8.3,CGPA,12
Himuuu,University at Buffalo SUNY,Management Information System,2018,Fall,Interested,309,TOEFL,100,7.2,CGPA,1
priyabalaji,University at Buffalo SUNY,Management Information System,2019,Fall,Interested, ,IELTS,7.5,7.35,CGPA,0
Dishu31,University at Buffalo SUNY,Management Information System,2019,Fall,Interested,315,TOEFL,100,7.54,CGPA,0
AATIK1993,University at Buffalo SUNY,Management Information System,2018,Fall,Interested,306,IELTS,8,0.71,%,20
nidhipriya1993,University at Buffalo SUNY,Management Information System,2019,Spring,Interested,298,TOEFL,90,9.12,CGPA,24
Niparash,Syracuse University,Management Information System,2018,Fall,Applied,304,TOEFL,98,7.81,CGPA,28
mischief-managed,Syracuse University,Management Information System,2015,Fall,Applied,311,TOEFL,111,0.6,%,40
saiyogesh,Syracuse University,Management Information System,2018,Fall,Applied,320,TOEFL,113,7.9,CGPA,17
SatwikKashyap,Syracuse University,Management Information System,2018,Fall,Applied,308,TOEFL,90,8.16,CGPA,43
Nidhiss,Syracuse University,Management Information System,2018,Fall,Applied,299,TOEFL,88,0.83,%,30
neetipopat,Syracuse University,Management Information System,2014,Fall,Applied,306,TOEFL,96,0.62,%,15
ChaitanyaMag,Syracuse University,Management Information System,2018,Fall,Applied,303,TOEFL,97,7,CGPA,16
Akhild17,Syracuse University,Management Information System,2018,Fall,Applied,300,TOEFL,88,0.6,%,29
Bhagyashri333,Syracuse University,Management Information System,2018,Fall,Applied,303,TOEFL,87,6.8,CGPA,8
Tanya13,Syracuse University,Management Information System,2018,Fall,Applied,315,TOEFL,112,8.24,CGPA,1
Kiah-kol,Syracuse University,Management Information System,2018,Fall,Applied,322,TOEFL,107,0.74,%,28
divsin12,Syracuse University,Management Information System,2018,Fall,Applied,296,TOEFL,91,0.72,%,20
chaitali922,Syracuse University,Management Information System,2018,Fall,Applied,308,TOEFL,101,7.79,CGPA,16
Mamta-h,Syracuse University,Management Information System,2018,Fall,Applied,302,TOEFL,90,7.75,CGPA,6
KAPIL TATHOD,Syracuse University,Management Information System,2018,Fall,Applied,306,IELTS,7,0.74,%,8
Radhika26,Syracuse University,Management Information System,2018,Fall,Applied,308,TOEFL,93,7.8,CGPA,26
BhavAce,Syracuse University,Management Information System,2018,Fall,Applied,312,TOEFL,113,10,CGPA,0
shreyadumbre 23,Syracuse University,Management Information System,2018,Fall,Applied,311,TOEFL,106,0.68,%,19
Saikumar91,Syracuse University,Management Information System,2018,Fall,Applied,297,TOEFL,81,0.62,%,46
amruthamandadi,Syracuse University,Management Information System,2018,Fall,Admit,306,TOEFL,97,0.73,%,42
viraj1331,Syracuse University,Management Information System,2018,Fall,Admit,317,IELTS,7,0.64,%,1
Aishwarya S,Syracuse University,Management Information System,2018,Fall,Admit,300,TOEFL,88,8.18,CGPA,24
priyankaguha36,Syracuse University,Management Information System,2018,Fall,Admit, ,TOEFL,90,0.82,%,48
SagarMulani,Syracuse University,Management Information System,2018,Fall,Admit,308,TOEFL,99,0.65,%,19
hrgupta,Syracuse University,Management Information System,2018,Fall,Admit,310,TOEFL,107,7.39,CGPA,14
ParthMehta,Syracuse University,Management Information System,2018,Fall,Admit,314,TOEFL,106,9.15,CGPA,0
AkRel,Syracuse University,Management Information System,2018,Fall,Admit,302,TOEFL,101,0.65,%,30
adi1993,Syracuse University,Management Information System,2018,Fall,Admit,303,TOEFL,94,7.37,CGPA,27
KrithikaCT,Syracuse University,Management Information System,2018,Fall,Admit,301,TOEFL,0,0.8,%,60
aditi15,Syracuse University,Management Information System,2018,Fall,Admit,310,TOEFL,0,0.8,%,36
DrashtiShah,Syracuse University,Management Information System,2018,Fall,Admit,308,TOEFL,95,3.5,CGPA,3
ArthiAbilasha,Syracuse University,Management Information System,2018,Fall,Admit,302,IELTS,0,7.3,CGPA,1
Kripesh,Syracuse University,Management Information System,2018,Fall,Admit,304,TOEFL,96,7.87,CGPA,12
rshetty,Syracuse University,Management Information System,2018,Fall,Admit,307,TOEFL,111,7.6,CGPA,0
Hemangjalali,Syracuse University,Management Information System,2018,Fall,Admit,307,TOEFL,94,0.79,%,37
ishan147,Syracuse University,Management Information System,2018,Fall,Admit,312,TOEFL,104,8.7,CGPA,20
AbhinavSharma0794,Syracuse University,Management Information System,2018,Fall,Admit,319,TOEFL,114,6.71,CGPA,14
arpita103,Syracuse University,Management Information System,2018,Fall,Reject,300,TOEFL,93,0.69,%,82
Ajay94,Syracuse University,Management Information System,2018,Fall,Reject,302,TOEFL,86,0.65,%,27
aparikh4,Syracuse University,Management Information System,2018,Fall,Reject,308,TOEFL,89,7.5,CGPA,32
Setu04,Syracuse University,Management Information System,2018,Fall,Reject,308,TOEFL,102,7.09,CGPA,0
MAnkeerat,Syracuse University,Management Information System,2018,Fall,Reject,300,TOEFL,99,7.14,CGPA,39
akshat95,Syracuse University,Management Information System,2018,Fall,Reject,309,TOEFL,0,7.41,CGPA,17
Rushikesh420,Syracuse University,Management Information System,2018,Fall,Reject,298,TOEFL,0,0.57,%,6
Pratik Kadi,Syracuse University,Management Information System,2018,Fall,Reject,302,TOEFL,81,0.57,%,42
shub23,Syracuse University,Management Information System,2018,Fall,Reject,305,TOEFL,0,6.82,CGPA,3
RuchiNiwalkar,Syracuse University,Management Information System,2018,Fall,Reject,302,TOEFL,97,0.65,%,27
Snehaw,Syracuse University,Management Information System,2018,Fall,Reject,299,TOEFL,97,0.72,%,48
Jayeshiyer,Syracuse University,Management Information System,2018,Fall,Reject,307,IELTS,7,0.54,%,31
JayPatel8394,Syracuse University,Management Information System,2018,Fall,Reject,297,TOEFL,99,0.56,%,24
@mihir,Syracuse University,Management Information System,2018,Fall,Reject,305,TOEFL,98,0.5,%,17
HardikSoni,Syracuse University,Management Information System,2018,Fall,Reject,296,TOEFL,93,0.64,%,64
Mansi003,Syracuse University,Management Information System,2018,Fall,Reject,300,TOEFL,90,7,CGPA,12
srishti1995,Syracuse University,Management Information System,2018,Fall,Reject,297,TOEFL,88,0.81,%,20
kenil,Syracuse University,Management Information System,2018,Fall,Reject,323,TOEFL,110,8.55,CGPA,0
Alloy,Syracuse University,Management Information System,2018,Fall,Reject,302,IELTS,7,8.22,CGPA,8
lokesh2334,Syracuse University,Management Information System,2019,Spring,Interested,295,TOEFL,93,0.54,%,41
vivekku9944,Syracuse University,Management Information System,2018,Fall,Interested,293,TOEFL,82,0.55,%,22
Arpi99,Syracuse University,Management Information System,2019,Spring,Interested,281,IELTS,6.5,0.74,%,60
rajesh020393,Syracuse University,Management Information System,2019,Spring,Interested,295,IELTS,6,6.7,CGPA,24
aastha1897,Syracuse University,Management Information System,2019,Spring,Interested,312,IELTS,7.5,7.9,CGPA,0
kiniaditya,Syracuse University,Management Information System,2019,Fall,Interested,305,IELTS,7,8.11,CGPA,0
priyabalaji,Syracuse University,Management Information System,2019,Fall,Interested,  ,IELTS,7.5,7.35,CGPA,0
Venkateshsivakumar,Syracuse University,Management Information System,2019,Spring,Interested,296,TOEFL,81,7.37,CGPA,43
sidd1694,Syracuse University,Management Information System,2019,Spring,Interested,316,IELTS,7.5,0.7,%,28
sisirchinferno,Syracuse University,Management Information System,2019,Spring,Interested,308,TOEFL,100,6.47,CGPA,38
pranavtiwari,Syracuse University,Management Information System,2019,Fall,Interested,319,TOEFL,100,0.62,%,12
diviraj,Syracuse University,Management Information System,2019,Spring,Interested,303,TOEFL,103,9,CGPA,2
manishsombansh ,"Texas A&M; University, College Station",Management Information System,2018,Fall,Applied,316,TOEFL,102,7.58,CGPA,42
avi0821,"Texas A&M; University, College Station",Management Information System,2018,Fall,Applied,314,TOEFL,100,7.4,CGPA,24
SnehaB,"Texas A&M; University, College Station",Management Information System,2018,Fall,Applied,312,TOEFL,98,0.78,%,31
Pritha2,"Texas A&M; University, College Station",Management Information System,2018,Fall,Applied,309,IELTS,8,8,CGPA,0
Shivapriyak,"Texas A&M; University, College Station",Management Information System,2018,Fall,Applied,317,TOEFL,103,0.79,%,60
priyanshbendre,"Texas A&M; University, College Station",Management Information System,2018,Fall,Applied,309,TOEFL,103,0.69,%,0
Anuja1011,"Texas A&M; University, College Station",Management Information System,2018,Fall,Applied,309,TOEFL,103,0.74,%,13
samman,"Texas A&M; University, College Station",Management Information System,2018,Fall,Applied,315,TOEFL,103,0.66,%,11
Pankajnarcisst,"Texas A&M; University, College Station",Management Information System,2018,Fall,Applied,321,TOEFL,104,0.71,%,76
PrateekMaini,"Texas A&M; University, College Station",Management Information System,2018,Fall,Applied,320,TOEFL,116,0.82,%,0
Sdh,"Texas A&M; University, College Station",Management Information System,2018,Fall,Applied,318,TOEFL,112,0.8,%,16
OnTop09,"Texas A&M; University, College Station",Management Information System,2018,Fall,Applied,315,TOEFL,100,0.72,%,43
akansha-srivastava,"Texas A&M; University, College Station",Management Information System,2014,Fall,Applied,324,TOEFL,104,0.9,%,29
Js1994,"Texas A&M; University, College Station",Management Information System,2017,Fall,Applied,316,TOEFL,102,7.99,CGPA,13
Useless,"Texas A&M; University, College Station",Management Information System,2017,Fall,Applied,327,TOEFL,110,7.43,CGPA,20
kripadixit,"Texas A&M; University, College Station",Management Information System,2017,Fall,Applied,322,TOEFL,112,0.7,%,31
Ankit110691,"Texas A&M; University, College Station",Management Information System,2018,Fall,Applied,317,TOEFL,100,0.8,%,43
akhanna,"Texas A&M; University, College Station",Management Information System,2017,Fall,Applied,317,TOEFL,114,8.02,CGPA,21
pmesh,"Texas A&M; University, College Station",Management Information System,2018,Fall,Admit,320,TOEFL,117,0.59,%,30
Sonali2810,"Texas A&M; University, College Station",Management Information System,2018,Fall,Admit,322,TOEFL,110,0.79,%,27
Balvaishwer,"Texas A&M; University, College Station",Management Information System,2018,Fall,Admit,313,TOEFL,0,0.84,%,24
rahulvg,"Texas A&M; University, College Station",Management Information System,2018,Fall,Admit,314,TOEFL,0,0.78,%,6
ganeshpu,"Texas A&M; University, College Station",Management Information System,2018,Fall,Admit,309,IELTS,7,8.5,CGPA,16
thevivekdwivedi,"Texas A&M; University, College Station",Management Information System,2018,Fall,Admit,320,TOEFL,111,7.98,CGPA,30
RheaSharma,"Texas A&M; University, College Station",Management Information System,2018,Fall,Admit,330,TOEFL,108,7.2,CGPA,12
theharishkm,"Texas A&M; University, College Station",Management Information System,2018,Fall,Admit, ,TOEFL,104,8.15,CGPA,33
ishan147,"Texas A&M; University, College Station",Management Information System,2018,Fall,Admit,312,TOEFL,104,8.7,CGPA,20
shreyank96,"Texas A&M; University, College Station",Management Information System,2018,Fall,Admit,325,TOEFL,116,8.48,CGPA,2
Mudra,"Texas A&M; University, College Station",Management Information System,2018,Fall,Admit,309,TOEFL,94,0.88,%,60
divsin12,"Texas A&M; University, College Station",Management Information System,2018,Fall,Admit,296,TOEFL,91,0.72,%,20
Triptha,"Texas A&M; University, College Station",Management Information System,2018,Fall,Admit,309,IELTS,8,7.95,CGPA,3
muktika,"Texas A&M; University, College Station",Management Information System,2018,Fall,Admit,307,TOEFL,103,8,CGPA,34
Rajeshwari Raji,"Texas A&M; University, College Station",Management Information System,2018,Fall,Admit,317,TOEFL,0,8,CGPA,34
Pranay9,"Texas A&M; University, College Station",Management Information System,2018,Fall,Admit,315,IELTS,7.5,0.66,%,30
aditi04upreti,"Texas A&M; University, College Station",Management Information System,2018,Fall,Reject,306,TOEFL,104,7.5,CGPA,34
Skywalker95,"Texas A&M; University, College Station",Management Information System,2018,Fall,Reject,317,TOEFL,101,0.67,%,18
tarunreddy7,"Texas A&M; University, College Station",Management Information System,2018,Fall,Reject,315,TOEFL,104,6.97,CGPA,18
Shreepriya,"Texas A&M; University, College Station",Management Information System,2018,Fall,Reject,312,TOEFL,110,8.6,CGPA,24
Vedang07,"Texas A&M; University, College Station",Management Information System,2018,Fall,Reject,317,TOEFL,108,8.2,CGPA,0
khyati20,"Texas A&M; University, College Station",Management Information System,2018,Fall,Reject,313,TOEFL,101,0.68,%,42
ritika101,"Texas A&M; University, College Station",Management Information System,2018,Fall,Reject,307,TOEFL,105,0.72,%,54
Chaitaniya,"Texas A&M; University, College Station",Management Information System,2018,Fall,Reject,311,TOEFL,107,0.68,%,16
jaaaaadu,"Texas A&M; University, College Station",Management Information System,2018,Fall,Reject,308,TOEFL,101,7.3,CGPA,9
Devash,"Texas A&M; University, College Station",Management Information System,2018,Fall,Reject,305,TOEFL,100,9,CGPA,43
DeepTalati,"Texas A&M; University, College Station",Management Information System,2018,Fall,Reject,319,IELTS,7,0.85,%,7
Adityakh5,"Texas A&M; University, College Station",Management Information System,2018,Fall,Reject,318,IELTS,7.5,0.72,%,60
ydave,"Texas A&M; University, College Station",Management Information System,2018,Fall,Reject,306,TOEFL,100,0.61,%,40
Zo,"Texas A&M; University, College Station",Management Information System,2018,Fall,Reject,305,TOEFL,95,8.54,CGPA,34
Annieee,"Texas A&M; University, College Station",Management Information System,2018,Fall,Reject,316,IELTS,7,8.47,CGPA,36
frey_b,"Texas A&M; University, College Station",Management Information System,2018,Fall,Reject,300,TOEFL,103,9,CGPA,30
reddy531,"Texas A&M; University, College Station",Management Information System,2018,Fall,Reject,308,TOEFL,104,8.2,CGPA,23
Varuntan,"Texas A&M; University, College Station",Management Information System,2018,Fall,Reject,308,TOEFL,98,0.65,%,25
bara,"Texas A&M; University, College Station",Management Information System,2018,Fall,Reject,320,TOEFL,108,0.65,%,41
diviraj,"Texas A&M; University, College Station",Management Information System,2019,Spring,Interested,303,TOEFL,103,9,CGPA,2
kratikasainferno,"Texas A&M; University, College Station",Management Information System,2019,Spring,Interested,306,TOEFL,102,0.65,%,26
ManeeshMettu,"Texas A&M; University, College Station",Management Information System,2019,Fall,Interested,315,TOEFL,112,8.3,CGPA,12
Orpheus4256,"Texas A&M; University, College Station",Management Information System,2019,Fall,Interested,310,TOEFL,106,7.92,CGPA,35
bharathku1995,"Texas A&M; University, College Station",Management Information System,2018,Fall,Interested, ,IELTS,7,0.62,%,0
AnuragMastBanda,"Texas A&M; University, College Station",Management Information System,2019,Fall,Interested,319,TOEFL,90,0.63,%,0
Shivam8587,"Texas A&M; University, College Station",Management Information System,2020,Fall,Interested,329,TOEFL,110,6.5,CGPA,6
AbhinavSharma0794,University of Cincinnati,Management Information System,2018,Fall,Applied,319,TOEFL,114,6.71,CGPA,14
Shubhi20,University of Cincinnati,Management Information System,2018,Fall,Applied,309,IELTS,7.5,9.24,CGPA,40
sayedshazeb,University of Cincinnati,Management Information System,2018,Fall,Applied,309,TOEFL,101,0.7,%,27
darshit96,University of Cincinnati,Management Information System,2018,Fall,Applied,322,TOEFL,104,8.3,CGPA,0
somguria,University of Cincinnati,Management Information System,2018,Fall,Applied,302,IELTS,7,8.4,CGPA,41
abhijay22,University of Cincinnati,Management Information System,2018,Fall,Applied,319,TOEFL,101,6.57,CGPA,15
shreyadumbre 23,University of Cincinnati,Management Information System,2018,Fall,Applied,311,TOEFL,106,0.68,%,19
Abhinavsharma071994,University of Cincinnati,Management Information System,2018,Fall,Applied,319,TOEFL,114,6.71,CGPA,14
Ami0603,University of Cincinnati,Management Information System,2018,Fall,Applied,314,TOEFL,106,7.63,CGPA,6
aditichawla,University of Cincinnati,Management Information System,2018,Fall,Applied,304,IELTS,7,0.79,%,30
drohit16,University of Cincinnati,Management Information System,2018,Fall,Applied,317,TOEFL,111,0.87,%,20
Rakesh301323,University of Cincinnati,Management Information System,2018,Fall,Applied,323,TOEFL,97,0.62,%,49
Amodoi,University of Cincinnati,Management Information System,2018,Fall,Applied,307,TOEFL,99,0.67,%,16
akansha-srivastava,University of Cincinnati,Management Information System,2014,Fall,Applied,324,TOEFL,104,0.9,%,29
supratik,University of Cincinnati,Management Information System,2018,Fall,Applied,307,IELTS,7,7.61,CGPA,37
Soham2028,University of Cincinnati,Management Information System,2018,Fall,Applied,311,TOEFL,98,0.68,%,18
GKSHRAVYARAO,University of Cincinnati,Management Information System,2017,Fall,Applied,317,TOEFL,109,6.34,CGPA,13
prithivraj,University of Cincinnati,Management Information System,2017,Fall,Applied,316,TOEFL,105,7.4,CGPA,45
rohit2448,University of Cincinnati,Management Information System,2017,Fall,Applied,310,IELTS,8,0.78,%,38
pavithra25,University of Cincinnati,Management Information System,2018,Fall,Admit,308,TOEFL,105,0.85,%,60
rahulNeo,University of Cincinnati,Management Information System,2018,Fall,Admit,311,IELTS,7,0.75,%,32
pmesh,University of Cincinnati,Management Information System,2018,Fall,Admit,320,TOEFL,117,0.59,%,30
ishanja1996,University of Cincinnati,Management Information System,2018,Fall,Admit,307,TOEFL,97,6,CGPA,0
bharubbaskar,University of Cincinnati,Management Information System,2018,Fall,Admit,313,TOEFL,98,8.92,CGPA,44
Aarushi7,University of Cincinnati,Management Information System,2018,Fall,Admit,309,IELTS,7,0.71,%,36
DarshanaB,University of Cincinnati,Management Information System,2018,Fall,Admit,310,TOEFL,99,0.71,%,38
mischief-managed,University of Cincinnati,Management Information System,2015,Fall,Admit,311,TOEFL,111,0.6,%,40
ishan147,University of Cincinnati,Management Information System,2018,Fall,Admit,312,TOEFL,104,8.7,CGPA,20
dtaneja0911,University of Cincinnati,Management Information System,2018,Fall,Admit,311,TOEFL,91,0.81,%,60
tanvi-jain,University of Cincinnati,Management Information System,2018,Fall,Admit,315,TOEFL,96,7.09,CGPA,25
Pranay9,University of Cincinnati,Management Information System,2018,Fall,Admit,315,IELTS,7.5,0.66,%,30
lalits,University of Cincinnati,Management Information System,2018,Fall,Admit,321,TOEFL,112,0.63,%,60
anshul0414,University of Cincinnati,Management Information System,2018,Fall,Admit,316,TOEFL,103,0.81,%,13
saiyogesh,University of Cincinnati,Management Information System,2018,Fall,Admit,320,TOEFL,113,7.9,CGPA,17
vishal khatri,University of Cincinnati,Management Information System,2018,Fall,Admit,326,TOEFL,113,0.69,%,44
pratzpurohit,University of Cincinnati,Management Information System,2018,Fall,Admit,313,TOEFL,109,0.82,%,25
saswata,University of Cincinnati,Management Information System,2018,Fall,Admit,309,TOEFL,100,8.61,CGPA,39
anusha2304,University of Cincinnati,Management Information System,2018,Fall,Reject,311,TOEFL,100,0.77,%,25
JaySomaiya,University of Cincinnati,Management Information System,2018,Fall,Reject,317,TOEFL,110,6.93,CGPA,25
akshat95,University of Cincinnati,Management Information System,2018,Fall,Reject,309,TOEFL,0,7.41,CGPA,17
DeepTalati,University of Cincinnati,Management Information System,2018,Fall,Reject,319,IELTS,7,0.85,%,7
heenal211,University of Cincinnati,Management Information System,2018,Fall,Reject,313,TOEFL,100,7.65,CGPA,0
RushilAnand,University of Cincinnati,Management Information System,2018,Fall,Reject,306,TOEFL,103,0.63,%,27
frey_b,University of Cincinnati,Management Information System,2018,Fall,Reject,300,TOEFL,103,9,CGPA,30
kenil,University of Cincinnati,Management Information System,2018,Fall,Reject,323,TOEFL,110,8.55,CGPA,0
sharad83pz,University of Cincinnati,Management Information System,2018,Fall,Reject,305,TOEFL,98,0.74,%,34
----------,University of Cincinnati,Management Information System,2018,Fall,Reject, ,TOEFL,102,8.87,CGPA,30
YHaider007,University of Cincinnati,Management Information System,2018,Fall,Reject,307,TOEFL,94,6.43,CGPA,40
Tanya13,University of Cincinnati,Management Information System,2018,Fall,Reject,315,TOEFL,112,8.24,CGPA,1
dl4android,University of Cincinnati,Management Information System,2018,Fall,Reject,329,TOEFL,115,0.66,%,0
Lakshay1,University of Cincinnati,Management Information System,2018,Fall,Reject,306,TOEFL,95,0.65,%,20
Sugbug,University of Cincinnati,Management Information System,2019,Spring,Reject,304,TOEFL,104,8.7,CGPA,16
divsin12,University of Cincinnati,Management Information System,2018,Fall,Reject,296,TOEFL,91,0.72,%,20
nishanth10,University of Cincinnati,Management Information System,2018,Fall,Reject,306,TOEFL,94,7.6,CGPA,35
SrikanthReddy1993,University of Cincinnati,Management Information System,2018,Fall,Reject,297,TOEFL,90,8.9,CGPA,26
ManavMehta,University of Cincinnati,Management Information System,2018,Fall,Reject,304,IELTS,7,0.79,%,30
Abhiggg,University of Cincinnati,Management Information System,2018,Fall,Interested,314,TOEFL,100,8.5,CGPA,15
Orpheus4256,University of Cincinnati,Management Information System,2019,Fall,Interested,310,TOEFL,106,7.92,CGPA,35
Denzel,University of Cincinnati,Management Information System,2019,Spring,Interested,322,TOEFL,113,6.8,CGPA,30
Sujesh,University of Cincinnati,Management Information System,2019,Fall,Interested,321,TOEFL,114,7.58,CGPA,38
bhanureddy27,University of Cincinnati,Management Information System,2019,Spring,Interested,299,IELTS,7,7.8,CGPA,18
MVPAVANKUMARREDDY,University of Cincinnati,Management Information System,2019,Spring,Interested,290,IELTS,7,0.76,%,8
Triplek,"University of California, Los Angeles",Management Information System,2018,Fall,Applied,311,TOEFL,102,0.74,%,85
zora,"University of California, Los Angeles",Management Information System,2018,Spring,Applied,302,IELTS,7,0.59,%,13
lavinakh,"University of California, Los Angeles",Management Information System,2016,Fall,Applied,311,TOEFL,100,0,%,0
sacharan,"University of California, Los Angeles",Management Information System,2016,Spring,Applied,290,TOEFL,80,6,CGPA,0
naveenchandar,"University of California, Los Angeles",Management Information System,2016,Fall,Applied,285,TOEFL,0,6.8,CGPA,0
kumbhalkar,"University of California, Los Angeles",Management Information System,2015,Fall,Applied,309,IELTS,7.5,0.68,%,0
akkimetry,"University of California, Los Angeles",Management Information System,2016,Fall,Applied,320,TOEFL,111,0.5,%,0
bharatchhabra,"University of California, Los Angeles",Management Information System,2016,Spring,Applied,312,TOEFL,96,6,CGPA,30
chandrakiran,"University of California, Los Angeles",Management Information System,2016,Fall,Applied,300,TOEFL,82,8,CGPA,0
shubham mansinghka,"University of California, Los Angeles",Management Information System,2018,Fall,Reject,322,TOEFL,100,7.72,CGPA,1
sohilveljee.stupidsid,"University of California, Los Angeles",Management Information System,2013,Fall,Reject,321,TOEFL,113,8.83,CGPA,20
ManeeshMettu,"University of California, Los Angeles",Management Information System,2019,Fall,Interested,315,TOEFL,112,8.3,CGPA,12
vivekku9944,"University of California, Los Angeles",Management Information System,2018,Fall,Interested,293,TOEFL,82,0.55,%,22
aknksgha,"University of California, Los Angeles",Management Information System,2018,Fall,Interested,316,IELTS,8,0.75,%,44
aman2129,"University of California, Los Angeles",Management Information System,2019,Fall,Interested,326,TOEFL,99,8.32,CGPA,12
Aravindj1994,"University of California, Los Angeles",Management Information System,2019,Spring,Interested, ,IELTS,7,7.93,CGPA,17
Anuj1141,"University of California, Los Angeles",Management Information System,2018,Fall,Interested,318,TOEFL,0,7.4,CGPA,34
Nishanthi,University of Florida,Management Information System,2018,Fall,Applied,313,TOEFL,100,8.02,CGPA,0
Sashank1005,University of Florida,Management Information System,2018,Fall,Applied,306,TOEFL,104,0.8,%,20
Nitin03,University of Florida,Management Information System,2018,Fall,Applied,304,TOEFL,100,0.83,%,15
VarunSG,University of Florida,Management Information System,2018,Fall,Applied,326,TOEFL,113,7.75,CGPA,6
Raghav11011,University of Florida,Management Information System,2018,Fall,Applied,313,TOEFL,98,7.1,CGPA,32
hlamba053,University of Florida,Management Information System,2018,Fall,Applied,304,TOEFL,100,0.64,%,35
AKHILPRASAD1994RAMAIAH,University of Florida,Management Information System,2018,Fall,Applied,305,TOEFL,102,8.33,CGPA,3
Asg1995,University of Florida,Management Information System,2018,Fall,Applied,306,TOEFL,96,8.2,CGPA,0
aish004,University of Florida,Management Information System,2018,Fall,Applied,306,TOEFL,100,0.78,%,17
dio,University of Florida,Management Information System,2018,Fall,Applied,309,TOEFL,94,6.45,CGPA,13
mrudulayb,University of Florida,Management Information System,2017,Fall,Applied,307,TOEFL,105,0.65,%,0
gursimran18,University of Florida,Management Information System,2018,Fall,Applied,293,IELTS,6.5,7.69,CGPA,17
div0724,University of Florida,Management Information System,2018,Fall,Applied,308,TOEFL,100,0.64,%,29
naqi2695,University of Florida,Management Information System,2018,Fall,Applied,303,TOEFL,95,6.9,CGPA,12
sakshi22,University of Florida,Management Information System,2018,Fall,Applied,304,TOEFL,111,0.7,%,12
akshaykhc15,University of Florida,Management Information System,2018,Fall,Applied,303,TOEFL,100,6.79,CGPA,19
Indurkar,University of Florida,Management Information System,2018,Fall,Applied,321,TOEFL,103,8.3,CGPA,16
Akash Sahu,University of Florida,Management Information System,2018,Fall,Applied,306,IELTS,6.5,6.92,CGPA,47
The0,University of Florida,Management Information System,2018,Fall,Admit,303,TOEFL,95,6.75,CGPA,15
themysterious07,University of Florida,Management Information System,2018,Fall,Admit,302,TOEFL,88,0.65,%,5
Ankeet1406,University of Florida,Management Information System,2018,Fall,Admit,326,TOEFL,111,0.6,%,42
sheetu,University of Florida,Management Information System,2018,Fall,Admit,305,TOEFL,107,8,CGPA,18
mohitghodake,University of Florida,Management Information System,2018,Fall,Admit,311,TOEFL,98,7.31,CGPA,25
saswata,University of Florida,Management Information System,2018,Fall,Admit,309,TOEFL,100,8.61,CGPA,39
sajan bang,University of Florida,Management Information System,2018,Fall,Admit,304,TOEFL,92,7.2,CGPA,16
mocoloco,University of Florida,Management Information System,2018,Fall,Admit,302,TOEFL,107,8.25,CGPA,13
JayPatel8394,University of Florida,Management Information System,2018,Fall,Admit,297,TOEFL,99,0.56,%,24
sanjivani06,University of Florida,Management Information System,2018,Fall,Admit,309,TOEFL,107,8.21,CGPA,14
gauriyewale,University of Florida,Management Information System,2018,Fall,Admit,312,TOEFL,105,0.65,%,18
somguria,University of Florida,Management Information System,2018,Fall,Admit,302,IELTS,7,8.4,CGPA,41
briggs,University of Florida,Management Information System,2018,Fall,Admit,306,TOEFL,104,7.16,CGPA,18
ameyshetye,University of Florida,Management Information System,2011,Fall,Admit,320,TOEFL,111,0.59,%,0
shivamgta,University of Florida,Management Information System,2017,Fall,Admit,309,TOEFL,95,0.68,%,23
Amandabritto,University of Florida,Management Information System,2017,Fall,Admit,303,TOEFL,106,7.54,CGPA,0
WayneManchester,University of Florida,Management Information System,2017,Fall,Admit,320,TOEFL,108,0.65,%,20
aman2790,University of Florida,Management Information System,2017,Fall,Admit,302,TOEFL,96,0.62,%,48
Pankaj Kumar,University of Florida,Management Information System,2017,Fall,Admit,308,TOEFL,97,8.25,CGPA,41
Vaishnavij,University of Florida,Management Information System,2018,Fall,Reject,302,IELTS,7,7.85,CGPA,0
shimon,University of Florida,Management Information System,2018,Fall,Reject,292,TOEFL,117,6.41,CGPA,5
tanvi-jain,University of Florida,Management Information System,2018,Fall,Reject,315,TOEFL,96,7.09,CGPA,25
aditisinghv,University of Florida,Management Information System,2018,Fall,Reject,316,TOEFL,112,6.86,CGPA,5
vinnysai,University of Florida,Management Information System,2018,Fall,Reject,330,TOEFL,110,8.4,CGPA,30
sadvani,University of Florida,Management Information System,2018,Fall,Reject,290,TOEFL,97,0.55,%,30
Bhagi,University of Florida,Management Information System,2018,Spring,Reject,311,TOEFL,98,0.57,%,0
Menita ,University of Florida,Management Information System,2017,Fall,Reject,303,TOEFL,101,8.91,CGPA,11
amansharma94,University of Florida,Management Information System,2017,Fall,Reject,311,TOEFL,112,0.59,%,0
samuelcs123,University of Florida,Management Information System,2017,Fall,Reject,301,TOEFL,108,0.66,%,24
Deeptigm01,University of Florida,Management Information System,2017,Fall,Reject,313,TOEFL,109,8.34,CGPA,3
sammy2005,University of Florida,Management Information System,2017,Spring,Reject,305,TOEFL,97,0.7,%,26
sreevatsan1991,University of Florida,Management Information System,2016,Fall,Reject,305,TOEFL,90,0.65,%,31
praneshr,University of Florida,Management Information System,2016,Fall,Reject,315,TOEFL,104,7.32,CGPA,13
anpannu,University of Florida,Management Information System,2016,Fall,Reject,298,TOEFL,80,0.71,%,34
pav1993,University of Florida,Management Information System,2019,Fall,Interested,310,TOEFL,0,8.98,CGPA,35
ShubhamCfc,University of Florida,Management Information System,2019,Spring,Interested,302,TOEFL,98,0.73,%,40
kratikasainferno,University of Florida,Management Information System,2019,Spring,Interested,306,TOEFL,102,0.65,%,26
vivekku9944,University of Florida,Management Information System,2018,Fall,Interested,293,TOEFL,82,0.55,%,22
priyabalaji,University of Florida,Management Information System,2019,Fall,Interested, ,IELTS,7.5,7.35,CGPA,0
koken,University of Florida,Management Information System,2019,Spring,Interested,302,IELTS,7,6.97,CGPA,60
teja129,University of Florida,Management Information System,2019,Spring,Interested,296,TOEFL,90,0.64,%,0
sidd1694,University of Florida,Management Information System,2019,Spring,Interested,316,IELTS,7.5,0.7,%,28
MVPAVANKUMARREDDY,University of Florida,Management Information System,2019,Spring,Interested,290,IELTS,7,0.76,%,8
Rohan0901,University of Illinois at Chicago,Management Information System,2019,Spring,Applied,308,TOEFL,92,0.63,%,60
ShubhamCfc,University of Illinois at Chicago,Management Information System,2019,Spring,Applied,302,TOEFL,98,0.73,%,40
Animesh1990,University of Illinois at Chicago,Management Information System,2018,Fall,Applied,329,TOEFL,114,7.2,CGPA,51
harsu,University of Illinois at Chicago,Management Information System,2018,Fall,Applied,309,TOEFL,93,7.3,CGPA,0
ChaitanyaMag,University of Illinois at Chicago,Management Information System,2018,Fall,Applied,303,TOEFL,97,7,CGPA,16
Aakash6993,University of Illinois at Chicago,Management Information System,2018,Fall,Applied,318,TOEFL,102,0.67,%,32
Tanya13,University of Illinois at Chicago,Management Information System,2018,Fall,Applied,315,TOEFL,112,8.24,CGPA,1
Kiah-kol,University of Illinois at Chicago,Management Information System,2018,Fall,Applied,322,TOEFL,107,0.74,%,28
adipareshshah,University of Illinois at Chicago,Management Information System,2018,Fall,Applied, ,TOEFL,113,0.74,%,60
chaitali922,University of Illinois at Chicago,Management Information System,2018,Fall,Applied,308,TOEFL,101,7.79,CGPA,16
AnushaShankarPutta,University of Illinois at Chicago,Management Information System,2018,Spring,Applied,314,TOEFL,99,0.82,%,55
Sohini014,University of Illinois at Chicago,Management Information System,2018,Fall,Applied,313,TOEFL,100,0.65,%,12
nameeta,University of Illinois at Chicago,Management Information System,2018,Fall,Applied,316,IELTS,8,8.87,CGPA,18
Shweta sathisan ,University of Illinois at Chicago,Management Information System,2018,Fall,Applied,307,TOEFL,107,6.75,CGPA,0
Asg1995,University of Illinois at Chicago,Management Information System,2018,Fall,Applied,306,TOEFL,96,8.2,CGPA,0
Kalyani khedkar,University of Illinois at Chicago,Management Information System,2018,Fall,Applied,302,TOEFL,93,7.79,CGPA,30
aditichawla,University of Illinois at Chicago,Management Information System,2018,Fall,Applied,304,IELTS,7,0.79,%,30
Amodoi,University of Illinois at Chicago,Management Information System,2018,Fall,Applied,307,TOEFL,99,0.67,%,16
ashwin123456,University of Illinois at Chicago,Management Information System,2018,Fall,Admit,304,TOEFL,85,0.75,%,24
nidhisa1989,University of Illinois at Chicago,Management Information System,2018,Fall,Admit,306,TOEFL,96,0.73,%,60
Jaiwant,University of Illinois at Chicago,Management Information System,2018,Fall,Admit,301,TOEFL,93,0.84,%,20
AmbarD,University of Illinois at Chicago,Management Information System,2018,Fall,Admit,310,IELTS,7,0.71,%,27
pmesh,University of Illinois at Chicago,Management Information System,2018,Fall,Admit,320,TOEFL,117,0.59,%,30
aditi04upreti,University of Illinois at Chicago,Management Information System,2018,Fall,Admit,306,TOEFL,104,7.5,CGPA,34
gt,University of Illinois at Chicago,Management Information System,2018,Fall,Admit,303,TOEFL,99,0.62,%,58
dio,University of Illinois at Chicago,Management Information System,2018,Fall,Admit,309,TOEFL,94,6.45,CGPA,13
Rajmanya ,University of Illinois at Chicago,Management Information System,2018,Fall,Admit,309,TOEFL,107,5.4,CGPA,0
Aditya-Manmode,University of Illinois at Chicago,Management Information System,2018,Fall,Admit,304,TOEFL,88,0.64,%,47
hrgupta,University of Illinois at Chicago,Management Information System,2018,Fall,Admit,310,TOEFL,107,7.39,CGPA,14
appoo08,University of Illinois at Chicago,Management Information System,2018,Fall,Admit,312,TOEFL,96,6.99,CGPA,9
Balvaishwer,University of Illinois at Chicago,Management Information System,2018,Fall,Admit,313,TOEFL,0,0.84,%,24
Skywalker95,University of Illinois at Chicago,Management Information System,2018,Fall,Admit,317,TOEFL,101,0.67,%,18
rmanek,University of Illinois at Chicago,Management Information System,2018,Fall,Admit,310,TOEFL,96,0.56,%,36
Patty1993,University of Illinois at Chicago,Management Information System,2018,Fall,Admit,305,TOEFL,109,0.65,%,29
tarunreddy7,University of Illinois at Chicago,Management Information System,2018,Fall,Admit,315,TOEFL,104,6.97,CGPA,18
Kripesh,University of Illinois at Chicago,Management Information System,2018,Fall,Admit,304,TOEFL,96,7.87,CGPA,12
sankyv4,University of Illinois at Chicago,Management Information System,2018,Fall,Admit,312,IELTS,7,7.56,CGPA,20
ALI52,University of Illinois at Chicago,Management Information System,2018,Fall,Admit,309,TOEFL,0,6.03,CGPA,28
arpita103,University of Illinois at Chicago,Management Information System,2018,Fall,Reject,300,TOEFL,93,0.69,%,82
shruti7,University of Illinois at Chicago,Management Information System,2018,Fall,Reject,303,TOEFL,91,7.7,CGPA,1
Ajit-Kumar,University of Illinois at Chicago,Management Information System,2018,Fall,Reject,303,TOEFL,81,0.75,%,37
Harshini Jadav,University of Illinois at Chicago,Management Information System,2018,Fall,Reject,291,TOEFL,85,0.74,%,41
shreeya17,University of Illinois at Chicago,Management Information System,2018,Fall,Reject,300,TOEFL,92,0.72,%,44
SrikanthReddy1993,University of Illinois at Chicago,Management Information System,2018,Fall,Reject,297,TOEFL,90,8.9,CGPA,26
Ajay94,University of Illinois at Chicago,Management Information System,2018,Fall,Reject,302,TOEFL,86,0.65,%,27
HardikSoni,University of Illinois at Chicago,Management Information System,2018,Fall,Reject,296,TOEFL,93,0.64,%,64
parthpate,University of Illinois at Chicago,Management Information System,2018,Fall,Reject,303,TOEFL,98,7.2,CGPA,0
viky94,University of Illinois at Chicago,Management Information System,2018,Fall,Reject,301,TOEFL,84,7.67,CGPA,50
Aishwarya S,University of Illinois at Chicago,Management Information System,2018,Fall,Reject,300,TOEFL,88,8.18,CGPA,24
deep3096,University of Illinois at Chicago,Management Information System,2018,Fall,Reject,301,TOEFL,0,7.13,CGPA,0
Ha008,University of Illinois at Chicago,Management Information System,2017,Fall,Reject,305,TOEFL,94,6.66,CGPA,2
pawand23,University of Illinois at Chicago,Management Information System,2018,Spring,Reject,301,TOEFL,89,0.6,%,48
Bhagi,University of Illinois at Chicago,Management Information System,2018,Spring,Reject,311,TOEFL,98,0.57,%,0
gaurav2730,University of Illinois at Chicago,Management Information System,2018,Fall,Reject,304,TOEFL,97,0.72,%,46
pradnyachavan,University of Illinois at Chicago,Management Information System,2012,Fall,Reject,310,TOEFL,94,0.54,%,0
neelnath,University of Illinois at Chicago,Management Information System,2017,Fall,Reject,309,TOEFL,94,0.54,%,6
arjunmudumbi,University of Illinois at Chicago,Management Information System,2017,Fall,Reject,309,TOEFL,92,7.7,CGPA,0
MeghaPN,University of Illinois at Chicago,Management Information System,2019,Spring,Interested,303,TOEFL,95,0.75,%,20
pav1993,University of Illinois at Chicago,Management Information System,2019,Fall,Interested,310,TOEFL,0,8.98,CGPA,35
vivekku9944,University of Illinois at Chicago,Management Information System,2018,Fall,Interested,293,TOEFL,82,0.55,%,22
ManeeshMettu,University of Illinois at Chicago,Management Information System,2019,Fall,Interested,315,TOEFL,112,8.3,CGPA,12
SakshiMsUs,University of Illinois at Chicago,Management Information System,2018,Spring,Interested,304,TOEFL,95,0.67,%,35
prisias,University of Illinois at Chicago,Management Information System,2019,Spring,Interested,291,IELTS,7,6.7,CGPA,9
Denzel,University of Illinois at Chicago,Management Information System,2019,Spring,Interested,322,TOEFL,113,6.8,CGPA,30
CSNinja,University of Illinois at Chicago,Management Information System,2019,Spring,Interested, ,TOEFL,92,0.8,%,60
Seemanthini ,"University of Maryland, College Park",Management Information System,2018,Fall,Applied,301,TOEFL,0,8.4,CGPA,29
Giridhar312,"University of Maryland, College Park",Management Information System,2018,Fall,Applied,311,IELTS,7,7.74,CGPA,25
latikawadhwa,"University of Maryland, College Park",Management Information System,2018,Fall,Applied,308,TOEFL,106,8.42,CGPA,9
frey_b,"University of Maryland, College Park",Management Information System,2018,Fall,Applied,300,TOEFL,103,9,CGPA,30
ChaitanyaMag,"University of Maryland, College Park",Management Information System,2018,Fall,Applied,303,TOEFL,97,7,CGPA,16
KoSanjana,"University of Maryland, College Park",Management Information System,2018,Fall,Applied,305,TOEFL,109,0.86,%,25
Aakash6993,"University of Maryland, College Park",Management Information System,2018,Fall,Applied,318,TOEFL,102,0.67,%,32
adipareshshah,"University of Maryland, College Park",Management Information System,2018,Fall,Applied, ,TOEFL,113,0.74,%,60
rohanmanatkar,"University of Maryland, College Park",Management Information System,2018,Fall,Applied,318,TOEFL,108,6.54,CGPA,5
Devash,"University of Maryland, College Park",Management Information System,2018,Fall,Applied,305,TOEFL,100,9,CGPA,43
Sukrit07,"University of Maryland, College Park",Management Information System,2018,Fall,Applied,324,TOEFL,109,6.2,CGPA,40
ajin22,"University of Maryland, College Park",Management Information System,2018,Fall,Applied,322,TOEFL,114,0.64,%,29
darshisheth,"University of Maryland, College Park",Management Information System,2018,Fall,Applied,307,TOEFL,105,8.02,CGPA,0
Shivapriyak,"University of Maryland, College Park",Management Information System,2018,Fall,Applied,317,TOEFL,103,0.79,%,60
varunz,"University of Maryland, College Park",Management Information System,2018,Fall,Applied,313,TOEFL,101,0.8,%,48
Devansh1205,"University of Maryland, College Park",Management Information System,2018,Fall,Applied,310,TOEFL,98,6.51,CGPA,6
LeharA,"University of Maryland, College Park",Management Information System,2018,Fall,Admit,310,TOEFL,106,0.76,%,42
nishanth10,"University of Maryland, College Park",Management Information System,2018,Fall,Admit,306,TOEFL,94,7.6,CGPA,35
hrgupta,"University of Maryland, College Park",Management Information System,2018,Fall,Admit,310,TOEFL,107,7.39,CGPA,14
ParthMehta,"University of Maryland, College Park",Management Information System,2018,Fall,Admit,314,TOEFL,106,9.15,CGPA,0
KrithikaCT,"University of Maryland, College Park",Management Information System,2018,Fall,Admit,301,TOEFL,0,0.8,%,60
Balvaishwer,"University of Maryland, College Park",Management Information System,2018,Fall,Admit,313,TOEFL,0,0.84,%,24
Skywalker95,"University of Maryland, College Park",Management Information System,2018,Fall,Admit,317,TOEFL,101,0.67,%,18
mohitghodake,"University of Maryland, College Park",Management Information System,2018,Fall,Admit,311,TOEFL,98,7.31,CGPA,25
ohm,"University of Maryland, College Park",Management Information System,2018,Fall,Admit,313,TOEFL,104,6.5,CGPA,1
rupam3,"University of Maryland, College Park",Management Information System,2018,Fall,Admit,312,TOEFL,98,7.07,CGPA,14
four123,"University of Maryland, College Park",Management Information System,2018,Fall,Admit,315,TOEFL,0,6.93,CGPA,2
ratnesh,"University of Maryland, College Park",Management Information System,2018,Fall,Admit,315,TOEFL,108,0.83,%,8
Saintblood9,"University of Maryland, College Park",Management Information System,2018,Fall,Admit,317,TOEFL,104,0.75,%,35
Vedang07,"University of Maryland, College Park",Management Information System,2018,Fall,Admit,317,TOEFL,108,8.2,CGPA,0
Samra ,"University of Maryland, College Park",Management Information System,2018,Fall,Admit,316,TOEFL,112,8.48,CGPA,21
gauriyewale,"University of Maryland, College Park",Management Information System,2018,Fall,Admit,312,TOEFL,105,0.65,%,18
ritika101,"University of Maryland, College Park",Management Information System,2018,Fall,Admit,307,TOEFL,105,0.72,%,54
anshul0414,"University of Maryland, College Park",Management Information System,2018,Fall,Admit,316,TOEFL,103,0.81,%,13
Harsh237,"University of Maryland, College Park",Management Information System,2018,Fall,Admit,310,TOEFL,95,7,CGPA,6
kushalwalia,"University of Maryland, College Park",Management Information System,2018,Fall,Admit,315,TOEFL,0,0.7,%,0
AkshayBagde,"University of Maryland, College Park",Management Information System,2018,Fall,Reject,307,TOEFL,108,0.75,%,0
thegauravsalvi123,"University of Maryland, College Park",Management Information System,2018,Fall,Reject,318,TOEFL,104,6.4,CGPA,15
Setu04,"University of Maryland, College Park",Management Information System,2018,Fall,Reject,308,TOEFL,102,7.09,CGPA,0
Kripesh,"University of Maryland, College Park",Management Information System,2018,Fall,Reject,304,TOEFL,96,7.87,CGPA,12
----------,"University of Maryland, College Park",Management Information System,2018,Fall,Reject, ,TOEFL,102,8.87,CGPA,30
sreenidhi ,"University of Maryland, College Park",Management Information System,2018,Spring,Reject,304,TOEFL,112,8.25,CGPA,0
Proshonjit,"University of Maryland, College Park",Management Information System,2017,Fall,Reject,313,TOEFL,112,0.55,%,43
shivamgta,"University of Maryland, College Park",Management Information System,2017,Fall,Reject,309,TOEFL,95,0.68,%,23
rutuldesai,"University of Maryland, College Park",Management Information System,2017,Fall,Reject,313,TOEFL,102,6.68,CGPA,16
harshsukhi,"University of Maryland, College Park",Management Information System,2017,Fall,Reject,309,TOEFL,99,0.66,%,30
Harshada B,"University of Maryland, College Park",Management Information System,2017,Fall,Reject,307,TOEFL,100,0.63,%,48
Tushar MJ,"University of Maryland, College Park",Management Information System,2017,Fall,Reject,311,TOEFL,96,0.8,%,27
druvika,"University of Maryland, College Park",Management Information System,2017,Fall,Reject,303,TOEFL,91,0.66,%,35
goodrajat,"University of Maryland, College Park",Management Information System,2017,Fall,Reject,311,TOEFL,98,8.84,CGPA,27
ApoorvaA,"University of Maryland, College Park",Management Information System,2017,Fall,Reject,312,TOEFL,97,0.67,%,18
Ishita1302,"University of Maryland, College Park",Management Information System,2017,Fall,Reject,309,TOEFL,88,7.69,CGPA,16
sumitpratap,"University of Maryland, College Park",Management Information System,2017,Fall,Reject,314,TOEFL,100,0.69,%,61
adi.sandbox,"University of Maryland, College Park",Management Information System,2017,Fall,Reject,307,TOEFL,100,0.67,%,53
tanu.shetty14,"University of Maryland, College Park",Management Information System,2017,Fall,Reject,305,TOEFL,109,0.65,%,18
rushabhmeht,"University of Maryland, College Park",Management Information System,2017,Fall,Reject,314,TOEFL,104,0.58,%,53
MeghaPN,"University of Maryland, College Park",Management Information System,2019,Spring,Interested,303,TOEFL,95,0.75,%,20
Orpheus4256,"University of Maryland, College Park",Management Information System,2019,Fall,Interested,310,TOEFL,106,7.92,CGPA,35
aastha1897,"University of Maryland, College Park",Management Information System,2019,Spring,Interested,312,IELTS,7.5,7.9,CGPA,0
Abhiggg,"University of Maryland, College Park",Management Information System,2018,Fall,Interested,314,TOEFL,100,8.5,CGPA,15
priyabalaji,"University of Maryland, College Park",Management Information System,2019,Fall,Interested, ,IELTS,7.5,7.35,CGPA,0
Sujesh,"University of Maryland, College Park",Management Information System,2019,Fall,Interested,321,TOEFL,114,7.58,CGPA,38
Rahul33,University of North Carolina at Charlotte,Management Information System,2018,Fall,Applied,304,IELTS,7.5,0.63,%,4
Shubhi20,University of North Carolina at Charlotte,Management Information System,2018,Fall,Applied,309,IELTS,7.5,9.24,CGPA,40
vismita,University of North Carolina at Charlotte,Management Information System,2018,Fall,Applied,302,TOEFL,98,0.65,%,29
Abhijeet94,University of North Carolina at Charlotte,Management Information System,2018,Fall,Applied,308,TOEFL,90,8.26,CGPA,15
SagarVasaikar,University of North Carolina at Charlotte,Management Information System,2018,Fall,Applied,299,TOEFL,88,7.95,CGPA,5
Kalyani khedkar,University of North Carolina at Charlotte,Management Information System,2018,Fall,Applied,302,TOEFL,93,7.79,CGPA,30
sakshi22,University of North Carolina at Charlotte,Management Information System,2018,Fall,Applied,304,TOEFL,111,0.7,%,12
Pratik Kadi,University of North Carolina at Charlotte,Management Information System,2018,Fall,Applied,302,TOEFL,81,0.57,%,42
Koustubh7,University of North Carolina at Charlotte,Management Information System,2018,Spring,Applied,287,IELTS,7,0.74,%,32
nidhiiii,University of North Carolina at Charlotte,Management Information System,2017,Fall,Applied,292,TOEFL,92,0.64,%,0
dee051,University of North Carolina at Charlotte,Management Information System,2017,Fall,Applied,297,TOEFL,97,0.53,%,0
mhhaji,University of North Carolina at Charlotte,Management Information System,2017,Fall,Applied,304,TOEFL,104,5.8,CGPA,0
sahsha,University of North Carolina at Charlotte,Management Information System,2017,Fall,Applied,304,TOEFL,93,0.78,%,60
KaushalKC,University of North Carolina at Charlotte,Management Information System,2017,Fall,Applied,301,TOEFL,96,7.44,CGPA,0
shubhamanjankar,University of North Carolina at Charlotte,Management Information System,2017,Fall,Applied,305,TOEFL,97,6.23,CGPA,4
Rony ,University of North Carolina at Charlotte,Management Information System,2017,Fall,Applied,303,TOEFL,85,6.26,CGPA,0
trishell,University of North Carolina at Charlotte,Management Information System,2017,Fall,Applied,294,TOEFL,93,6.5,CGPA,2
RPS,University of North Carolina at Charlotte,Management Information System,2017,Fall,Applied,299,TOEFL,95,0.64,%,42
pallovei,University of North Carolina at Charlotte,Management Information System,2017,Fall,Applied,299,TOEFL,92,0.58,%,12
hranjan,University of North Carolina at Charlotte,Management Information System,2017,Fall,Applied,306,TOEFL,97,8.07,CGPA,26
shubhm,University of North Carolina at Charlotte,Management Information System,2018,Fall,Admit,307,TOEFL,0,0.74,%,15
rmanek,University of North Carolina at Charlotte,Management Information System,2018,Fall,Admit,310,TOEFL,96,0.56,%,36
Disha0701,University of North Carolina at Charlotte,Management Information System,2018,Fall,Admit,308,TOEFL,84,0.69,%,43
Prernsha,University of North Carolina at Charlotte,Management Information System,2018,Fall,Admit,297,TOEFL,94,8.5,CGPA,27
Nayana1103,University of North Carolina at Charlotte,Management Information System,2018,Fall,Admit,298,TOEFL,91,0.69,%,26
sreekanth1994,University of North Carolina at Charlotte,Management Information System,2018,Fall,Admit,299,IELTS,0,8.1,CGPA,30
Shweth94,University of North Carolina at Charlotte,Management Information System,2018,Fall,Admit,310,TOEFL,90,0.71,%,6
neetipopat,University of North Carolina at Charlotte,Management Information System,2014,Fall,Admit,306,TOEFL,96,0.62,%,15
naqi2695,University of North Carolina at Charlotte,Management Information System,2018,Fall,Admit,303,TOEFL,95,6.9,CGPA,12
chinniko,University of North Carolina at Charlotte,Management Information System,2018,Fall,Admit,301,IELTS,7,0.84,%,50
Nishant1511,University of North Carolina at Charlotte,Management Information System,2018,Fall,Admit, ,TOEFL,89,0.66,%,30
varaddesai,University of North Carolina at Charlotte,Management Information System,2018,Fall,Admit,305,TOEFL,95,0.67,%,10
zora,University of North Carolina at Charlotte,Management Information System,2018,Spring,Admit,302,IELTS,7,0.59,%,13
Vishwa133,University of North Carolina at Charlotte,Management Information System,2018,Spring,Admit,310,TOEFL,111,0.56,%,28
ramy,University of North Carolina at Charlotte,Management Information System,2018,Spring,Admit,305,TOEFL,98,8.35,CGPA,19
deepamk,University of North Carolina at Charlotte,Management Information System,2018,Spring,Admit,300,TOEFL,107,0.55,%,10
saswata,University of North Carolina at Charlotte,Management Information System,2018,Fall,Admit,309,TOEFL,100,8.61,CGPA,39
ReemaM,University of North Carolina at Charlotte,Management Information System,2018,Fall,Reject,291,IELTS,6.5,0.67,%,27
saloni9495,University of North Carolina at Charlotte,Management Information System,2018,Fall,Reject, ,IELTS,6.5,7.11,CGPA,0
gursimran18,University of North Carolina at Charlotte,Management Information System,2018,Fall,Reject,293,IELTS,6.5,7.69,CGPA,17
Dipti92,University of North Carolina at Charlotte,Management Information System,2018,Fall,Reject,301,TOEFL,88,8.6,CGPA,55
dakshgupta,University of North Carolina at Charlotte,Management Information System,2017,Fall,Reject,310,TOEFL,0,7.3,CGPA,2
BhavAce,University of North Carolina at Charlotte,Management Information System,2018,Fall,Reject,312,TOEFL,113,10,CGPA,0
shiv2307,University of North Carolina at Charlotte,Management Information System,2018,Spring,Reject,302,TOEFL,83,6.3,CGPA,45
sashankmadhu,University of North Carolina at Charlotte,Management Information System,2018,Spring,Reject,293,IELTS,7,6.1,CGPA,0
Shreya0110,University of North Carolina at Charlotte,Management Information System,2018,Spring,Reject,303,TOEFL,93,0.64,%,2
RPC,University of North Carolina at Charlotte,Management Information System,2017,Fall,Reject,295,TOEFL,91,7.19,CGPA,21
Garvvson,University of North Carolina at Charlotte,Management Information System,2017,Fall,Reject,297,TOEFL,83,6.15,CGPA,1
arshuuu,University of North Carolina at Charlotte,Management Information System,2017,Fall,Reject,310,TOEFL,90,6.5,CGPA,18
Riazudeen,University of North Carolina at Charlotte,Management Information System,2017,Fall,Reject,305,TOEFL,90,6.89,CGPA,19
iamygs,University of North Carolina at Charlotte,Management Information System,2017,Fall,Reject,305,TOEFL,101,7.4,CGPA,0
Niroop,University of North Carolina at Charlotte,Management Information System,2017,Spring,Reject,313,TOEFL,90,0.59,%,18
sanhith,University of North Carolina at Charlotte,Management Information System,2017,Spring,Reject,300,IELTS,6.5,7.4,CGPA,16
Ronza3490,University of North Carolina at Charlotte,Management Information System,2017,Spring,Reject,290,TOEFL,86,8.25,CGPA,48
shanmuk91,University of North Carolina at Charlotte,Management Information System,2016,Fall,Reject,300,TOEFL,84,0.62,%,42
impratikk,University of North Carolina at Charlotte,Management Information System,2016,Fall,Reject,307,TOEFL,93,0.6,%,30
sulagna1994,University of North Carolina at Charlotte,Management Information System,2019,Spring,Interested,302,TOEFL,106,8.39,CGPA,24
shadeslayer12345,University of North Carolina at Charlotte,Management Information System,2017,Fall,Interested,309,TOEFL,93,0.59,%,36
priyabalaji,University of North Carolina at Charlotte,Management Information System,2019,Fall,Interested, ,IELTS,7.5,7.35,CGPA,0
teja129,University of North Carolina at Charlotte,Management Information System,2019,Spring,Interested,296,TOEFL,90,0.64,%,0
Shehnaz,University of North Carolina at Charlotte,Management Information System,2019,Spring,Interested,296,TOEFL,86,0.75,%,36
nidhipriya1993,University of North Carolina at Charlotte,Management Information System,2019,Spring,Interested,298,TOEFL,90,9.12,CGPA,24
MVPAVANKUMARREDDY,University of North Carolina at Charlotte,Management Information System,2019,Spring,Interested,290,IELTS,7,0.76,%,8
vasantp1996,University of North Carolina at Charlotte,Management Information System,2018,Fall,Interested,309,TOEFL,104,0.7,%,0
diviraj,University of North Carolina at Charlotte,Management Information System,2019,Spring,Interested,303,TOEFL,103,9,CGPA,2
shivasubbu,University of Pennsylvania,Management Information System,2016,Spring,Applied, ,IELTS,5.5,0.6,%,0
sacharan,University of Pennsylvania,Management Information System,2016,Spring,Applied,290,TOEFL,80,6,CGPA,0
akshat91,University of Pennsylvania,Management Information System,2017,Fall,Applied,311,IELTS,7.5,0.6,%,55
shubhamvijan,University of Pennsylvania,Management Information System,2016,Fall,Applied,301,IELTS,7,6.35,CGPA,10
aagam5195,University of Pennsylvania,Management Information System,2016,Fall,Admit,317,TOEFL,104,8,CGPA,10
dhavalshroff.stupidsid,University of Pennsylvania,Management Information System,2013,Fall,Admit,317,TOEFL,108,0.64,%,0
sowmyan88,University of Pennsylvania,Management Information System,2019,Spring,Interested,310,IELTS,7.5,9.5,CGPA,24
VAP34120,University of Pennsylvania,Management Information System,2019,Spring,Interested,315,IELTS,8,7.02,CGPA,4
vivekku9944,University of Pennsylvania,Management Information System,2018,Fall,Interested,293,TOEFL,82,0.55,%,22
shashi284,University of Pennsylvania,Management Information System,2016,Fall,Interested,315,TOEFL,104,8.54,CGPA,30
diviraj,University of Pennsylvania,Management Information System,2019,Spring,Interested,303,TOEFL,103,9,CGPA,2
priyabalaji,University of Pennsylvania,Management Information System,2019,Fall,Interested, ,IELTS,7.5,7.35,CGPA,0
shaileshbh1984,University of Pennsylvania,Management Information System,2018,Fall,Interested, ,IELTS,0,0.55,%,124
pullu03,University of Pennsylvania,Management Information System,2018,Fall,Interested,314,TOEFL,103,7.3,CGPA,32
Divij Kishore,University of Pennsylvania,Management Information System,2019,Spring,Interested,290,TOEFL,91,7.3,CGPA,48
varsha1507,University of Texas at Arlington,Management Information System,2018,Fall,Applied,289,TOEFL,94,0.7,%,30
Nikhita Methwani,University of Texas at Arlington,Management Information System,2018,Fall,Applied,292,TOEFL,82,0.66,%,44
Sr7,University of Texas at Arlington,Management Information System,2018,Fall,Applied,307,IELTS,7,5.87,CGPA,9
Jayantmandhare,University of Texas at Arlington,Management Information System,2018,Fall,Applied,294,TOEFL,89,0.58,%,34
Kaavya48,University of Texas at Arlington,Management Information System,2018,Fall,Applied,292,TOEFL,102,7.32,CGPA,0
preranaS,University of Texas at Arlington,Management Information System,2018,Fall,Applied,298,TOEFL,0,7.12,CGPA,1
bhumiii3,University of Texas at Arlington,Management Information System,2018,Fall,Applied,297,TOEFL,98,6.08,CGPA,0
JohailSherieff,University of Texas at Arlington,Management Information System,2018,Fall,Applied,295,TOEFL,80,6.06,CGPA,10
Mesram,University of Texas at Arlington,Management Information System,2018,Fall,Applied,297,IELTS,6.5,7.63,CGPA,29
AishDubey,University of Texas at Arlington,Management Information System,2018,Fall,Applied,297,TOEFL,0,7.56,CGPA,3
Twinkle02,University of Texas at Arlington,Management Information System,2018,Fall,Applied,294,IELTS,7.5,0.6,%,7
vipul955,University of Texas at Arlington,Management Information System,2018,Fall,Applied,305,TOEFL,0,0.74,%,3
shreeya17,University of Texas at Arlington,Management Information System,2018,Fall,Applied,300,TOEFL,92,0.72,%,44
sudhir rai,University of Texas at Arlington,Management Information System,2018,Fall,Applied,306,IELTS,7,0.72,%,48
darshan bhansali,University of Texas at Arlington,Management Information System,2018,Fall,Applied,301,TOEFL,92,0.62,%,5
amansingh007,University of Texas at Arlington,Management Information System,2018,Fall,Applied,292,TOEFL,89,7.13,CGPA,38
sau1404,University of Texas at Arlington,Management Information System,2018,Fall,Applied,292,TOEFL,87,0.61,%,18
HarshaSannapaneni,University of Texas at Arlington,Management Information System,2018,Fall,Applied,295,IELTS,6.5,7.4,CGPA,24
Geethu93,University of Texas at Arlington,Management Information System,2018,Fall,Admit, ,TOEFL,110,7.5,CGPA,16
Prateeksha1,University of Texas at Arlington,Management Information System,2018,Fall,Admit,299,TOEFL,94,0.77,%,46
reynuca,University of Texas at Arlington,Management Information System,2018,Fall,Admit,304,TOEFL,99,0.57,%,6
AishwaryaPV,University of Texas at Arlington,Management Information System,2018,Fall,Admit,301,TOEFL,91,0.58,%,40
yashhhhh,University of Texas at Arlington,Management Information System,2018,Fall,Admit,298,TOEFL,91,5.39,CGPA,3
vishalraju,University of Texas at Arlington,Management Information System,2018,Fall,Admit,297,TOEFL,88,0.6,%,0
niteshnm,University of Texas at Arlington,Management Information System,2018,Fall,Admit,310,TOEFL,115,0.72,%,48
Ajit-Kumar,University of Texas at Arlington,Management Information System,2018,Fall,Admit,303,TOEFL,81,0.75,%,37
shubhm,University of Texas at Arlington,Management Information System,2018,Fall,Admit,307,TOEFL,0,0.74,%,15
ashmarine,University of Texas at Arlington,Management Information System,2018,Fall,Admit,298,TOEFL,0,0.7,%,5
bharathreddii,University of Texas at Arlington,Management Information System,2018,Fall,Admit,305,TOEFL,104,6.24,CGPA,0
Rohan14,University of Texas at Arlington,Management Information System,2018,Fall,Admit,310,TOEFL,96,0.69,%,41
yameen,University of Texas at Arlington,Management Information System,2018,Fall,Admit,296,IELTS,6.5,7.95,CGPA,19
pawmus,University of Texas at Arlington,Management Information System,2018,Fall,Admit,313,TOEFL,99,8.52,CGPA,49
VivekShakya,University of Texas at Arlington,Management Information System,2018,Fall,Admit,310,TOEFL,102,0.59,%,53
Aayushbaid,University of Texas at Arlington,Management Information System,2018,Fall,Admit,299,TOEFL,105,0.78,%,2
drish1234,University of Texas at Arlington,Management Information System,2018,Fall,Admit,300,TOEFL,92,6,CGPA,12
sankalp2610,University of Texas at Arlington,Management Information System,2018,Fall,Admit,306,TOEFL,99,0.74,%,0
Raja1119,University of Texas at Arlington,Management Information System,2018,Fall,Admit,304,TOEFL,87,0.75,%,32
ChinmayArolkar,University of Texas at Arlington,Management Information System,2018,Fall,Reject,298,TOEFL,82,6.22,CGPA,0
hjhimanshujoshi529,University of Texas at Arlington,Management Information System,2017,Fall,Reject,302,TOEFL,102,5.6,CGPA,8
dakshgupta,University of Texas at Arlington,Management Information System,2017,Fall,Reject,310,TOEFL,0,7.3,CGPA,2
pahuja081,University of Texas at Arlington,Management Information System,2018,Fall,Reject, ,TOEFL,93,0.62,%,45
AdityaShri1995,University of Texas at Arlington,Management Information System,2018,Fall,Reject,296,TOEFL,90,5.67,CGPA,8
Cherish,University of Texas at Arlington,Management Information System,2018,Fall,Reject,294,TOEFL,87,0.69,%,25
Rushikesh420,University of Texas at Arlington,Management Information System,2018,Fall,Reject,298,TOEFL,0,0.57,%,6
ramana411,University of Texas at Arlington,Management Information System,2018,Fall,Reject,304,IELTS,6.5,0.68,%,47
manvi07,University of Texas at Arlington,Management Information System,2018,Fall,Reject,292,IELTS,6.5,0.66,%,7
Monish77,University of Texas at Arlington,Management Information System,2018,Fall,Reject,289,IELTS,7.5,0.64,%,9
Akkshayy,University of Texas at Arlington,Management Information System,2018,Fall,Reject,292,TOEFL,85,6.53,CGPA,9
gumiho,University of Texas at Arlington,Management Information System,2018,Spring,Reject,289,IELTS,7,0.79,%,24
Tejas S,University of Texas at Arlington,Management Information System,2018,Spring,Reject,291,IELTS,6.5,0.6,%,7
anusha0998,University of Texas at Arlington,Management Information System,2018,Spring,Reject,297,IELTS,6,0.59,%,12
memrunmayee,University of Texas at Arlington,Management Information System,2018,Spring,Reject,288,TOEFL,94,7.15,CGPA,0
ballog25,University of Texas at Arlington,Management Information System,2017,Fall,Reject,295,TOEFL,95,0.6,%,23
hirenp,University of Texas at Arlington,Management Information System,2017,Fall,Reject,307,TOEFL,84,6.3,CGPA,24
danishanwar,University of Texas at Arlington,Management Information System,2017,Fall,Reject,300,TOEFL,96,0.75,%,60
Rajashekar,University of Texas at Arlington,Management Information System,2017,Fall,Reject,297,TOEFL,79,0.63,%,0
SGC,University of Texas at Arlington,Management Information System,2017,Fall,Reject,305,IELTS,6.5,7.2,CGPA,0
sandeepyadav599,University of Texas at Arlington,Management Information System,2020,Fall,Interested,310,TOEFL,92,5.5,CGPA,0
Arpi99,University of Texas at Arlington,Management Information System,2019,Spring,Interested,281,IELTS,6.5,0.74,%,60
priyabalaji,University of Texas at Arlington,Management Information System,2019,Fall,Interested, ,IELTS,7.5,7.35,CGPA,0
Sravya999,University of Texas at Arlington,Management Information System,2019,Spring,Interested,296,IELTS,6.5,8.34,CGPA,0
Venkateshsivakumar,University of Texas at Arlington,Management Information System,2019,Spring,Interested,296,TOEFL,81,7.37,CGPA,43
SanGoku,University of Texas at Arlington,Management Information System,2019,Spring,Interested,293,TOEFL,91,0.61,%,48
santosh22,University of Texas at Arlington,Management Information System,2018,Spring,Interested, ,IELTS,6,0.65,%,27
Ram1199,University of Texas at Arlington,Management Information System,2019,Spring,Interested,305,IELTS,7,0.62,%,8
mona_sachdev,University of Texas at Austin,Management Information System,2019,Spring,Applied,322,TOEFL,110,7.7,CGPA,40
Anand31,University of Texas at Austin,Management Information System,2018,Fall,Applied,314,TOEFL,0,0.63,%,40
vareddy,University of Texas at Austin,Management Information System,2017,Fall,Applied,328,TOEFL,109,0.62,%,33
garina,University of Texas at Austin,Management Information System,2017,Fall,Applied,319,TOEFL,113,0.78,%,25
Ashwin53,University of Texas at Austin,Management Information System,2017,Spring,Applied,314,TOEFL,101,7.35,CGPA,46
taxi ,University of Texas at Austin,Management Information System,2016,Fall,Applied,314,TOEFL,100,0.6,%,0
Sidaxelrod,University of Texas at Austin,Management Information System,2018,Fall,Applied,322,TOEFL,101,0.59,%,24
lampard,University of Texas at Austin,Management Information System,2016,Fall,Applied,320,TOEFL,100,0.68,%,0
tusharkoul,University of Texas at Austin,Management Information System,2016,Fall,Applied,326,TOEFL,114,8.6,CGPA,36
uvaish,University of Texas at Austin,Management Information System,2016,Fall,Applied,327,TOEFL,113,8,CGPA,0
malhota,University of Texas at Austin,Management Information System,2016,Fall,Applied,299,IELTS,7.5,0.78,%,0
sandeeprayal,University of Texas at Austin,Management Information System,2016,Spring,Applied,295,IELTS,7,0.69,%,0
yogitaravi,University of Texas at Austin,Management Information System,2016,Fall,Applied,330,TOEFL,110,8.32,CGPA,20
adityasingh92,University of Texas at Austin,Management Information System,2016,Fall,Applied,320,TOEFL,102,7,CGPA,30
parthj,University of Texas at Austin,Management Information System,2016,Fall,Applied,304,TOEFL,108,0.7,%,0
omi24,University of Texas at Austin,Management Information System,2017,Fall,Admit, ,TOEFL,105,0.68,%,33
mihir0412,University of Texas at Austin,Management Information System,2018,Fall,Admit,315,TOEFL,110,8.6,CGPA,3
Ankita Tapadia,University of Texas at Austin,Management Information System,2018,Fall,Admit,318,TOEFL,0,0.67,%,16
VLO,University of Texas at Austin,Management Information System,2019,Spring,Admit,311,TOEFL,98,7,CGPA,40
bara,University of Texas at Austin,Management Information System,2018,Fall,Admit,320,TOEFL,108,0.65,%,41
Badgalriri,University of Texas at Austin,Management Information System,2018,Fall,Admit,328,TOEFL,0,7.6,CGPA,0
Triplek,University of Texas at Austin,Management Information System,2018,Fall,Admit,311,TOEFL,102,0.74,%,85
TylerGAT17,University of Texas at Austin,Management Information System,2018,Fall,Admit,311,TOEFL,100,8.2,CGPA,0
Pankajnarcisst,University of Texas at Austin,Management Information System,2018,Fall,Admit,321,TOEFL,104,0.71,%,76
Anuja1011,University of Texas at Austin,Management Information System,2018,Fall,Admit,309,TOEFL,103,0.74,%,13
HubbaHubba,University of Texas at Austin,Management Information System,2018,Fall,Admit,321,TOEFL,104,0.6,%,39
AmanGupta95,University of Texas at Austin,Management Information System,2018,Fall,Admit,324,TOEFL,0,7.85,CGPA,0
Aparna-tamu,University of Texas at Austin,Management Information System,2018,Fall,Admit,314,TOEFL,96,0.77,%,12
RoshniDas,University of Texas at Austin,Management Information System,2018,Fall,Admit,314,IELTS,8,0.77,%,20
gdk4850,University of Texas at Austin,Management Information System,2018,Spring,Admit,324,TOEFL,109,0.75,%,40
Hello Sam,University of Texas at Austin,Management Information System,2018,Fall,Admit,308,IELTS,7.5,0.7,%,84
Shruti1612,University of Texas at Austin,Management Information System,2017,Fall,Admit,316,TOEFL,115,9.3,CGPA,27
Akshat,University of Texas at Austin,Management Information System,2017,Fall,Admit,323,TOEFL,111,9.7,CGPA,2
lipisoni,University of Texas at Austin,Management Information System,2017,Fall,Admit,310,TOEFL,104,0.66,%,52
Zo,University of Texas at Austin,Management Information System,2018,Fall,Reject,305,TOEFL,95,8.54,CGPA,34
Harishb,University of Texas at Austin,Management Information System,2018,Fall,Reject,329,TOEFL,0,0.75,%,144
Varunreddy5,University of Texas at Austin,Management Information System,2018,Fall,Reject,313,TOEFL,97,0.8,%,25
Amit Sachdeva,University of Texas at Austin,Management Information System,2018,Fall,Reject,314,IELTS,0,0.76,%,2
VarunSG,University of Texas at Austin,Management Information System,2018,Fall,Reject,326,TOEFL,113,7.75,CGPA,6
josephnp732,University of Texas at Austin,Management Information System,2018,Fall,Reject,307,TOEFL,0,0.77,%,1
Sidghorawat,University of Texas at Austin,Management Information System,2018,Fall,Reject,311,TOEFL,91,8.44,CGPA,20
Abhikulk,University of Texas at Austin,Management Information System,2017,Fall,Reject,303,TOEFL,95,0.61,%,27
rsinha09,University of Texas at Austin,Management Information System,2016,Fall,Reject,313,TOEFL,103,0.67,%,36
ujjwalvaish,University of Texas at Austin,Management Information System,2016,Fall,Reject,327,TOEFL,113,8,CGPA,30
DaphneDiggory,University of Texas at Austin,Management Information System,2019,Fall,Interested, ,IELTS,6.5,6,CGPA,4
ManeeshMettu,University of Texas at Austin,Management Information System,2019,Fall,Interested,315,TOEFL,112,8.3,CGPA,12
bharathku1995,University of Texas at Austin,Management Information System,2018,Fall,Interested, ,IELTS,7,0.62,%,0
srinivas1708,University of Texas at Austin,Management Information System,2018,Fall,Interested,302,TOEFL,112,8.5,CGPA,12
Namrathan,University of Texas at Austin,Management Information System,2019,Fall,Interested,312,TOEFL,114,0.64,%,22
Sujesh,University of Texas at Austin,Management Information System,2019,Fall,Interested,321,TOEFL,114,7.58,CGPA,38
Siddhu741,University of Texas at Austin,Management Information System,2019,Spring,Interested,324,TOEFL,106,7.49,CGPA,55
aman2129,University of Texas at Austin,Management Information System,2019,Fall,Interested,326,TOEFL,99,8.32,CGPA,12
vaibhav7117,University of Texas at Austin,Management Information System,2019,Fall,Interested,292,TOEFL,77,6,CGPA,10
rohinik,University of Texas at Austin,Management Information System,2019,Fall,Interested,296,TOEFL,100,8.05,CGPA,48
Aashesh,University of Utah,Management Information System,2018,Fall,Applied,308,IELTS,7.5,7.95,CGPA,18
scarstruck4,University of Utah,Management Information System,2017,Fall,Applied,308,TOEFL,101,5.9,CGPA,21
Adi2812,University of Utah,Management Information System,2017,Fall,Applied,311,TOEFL,102,6.34,CGPA,27
swami,University of Utah,Management Information System,2017,Fall,Applied,312,TOEFL,96,7.81,CGPA,44
Surendra4473,University of Utah,Management Information System,2017,Fall,Applied,305,TOEFL,87,0.68,%,60
Romitshah,University of Utah,Management Information System,2017,Fall,Applied,305,TOEFL,101,0.61,%,36
hshaikh,University of Utah,Management Information System,2017,Fall,Applied,312,TOEFL,115,0.73,%,33
mangeetha,University of Utah,Management Information System,2017,Fall,Applied,302,IELTS,6.5,0.69,%,50
Jaiwant,University of Utah,Management Information System,2018,Fall,Admit,301,TOEFL,93,0.84,%,20
deep0903,University of Utah,Management Information System,2018,Fall,Admit,302,IELTS,7.5,0.63,%,32
MAnkeerat,University of Utah,Management Information System,2018,Fall,Admit,300,TOEFL,99,7.14,CGPA,39
gellaa,University of Utah,Management Information System,2018,Fall,Admit, ,IELTS,6.5,0.73,%,37
akhilesh910,University of Utah,Management Information System,2018,Fall,Admit,307,TOEFL,97,0.67,%,48
mohitghodake,University of Utah,Management Information System,2018,Fall,Admit,311,TOEFL,98,7.31,CGPA,25
Snehaw,University of Utah,Management Information System,2018,Fall,Admit,299,TOEFL,97,0.72,%,48
Triplek,University of Utah,Management Information System,2018,Fall,Admit,311,TOEFL,102,0.74,%,85
Avanti Parchand,University of Utah,Management Information System,2018,Fall,Admit,314,TOEFL,99,0.65,%,30
Girih,University of Utah,Management Information System,2018,Fall,Admit,307,TOEFL,101,8.63,CGPA,45
SauravD,University of Utah,Management Information System,2018,Fall,Admit,323,TOEFL,108,7.7,CGPA,0
cmpandya29,University of Utah,Management Information System,2018,Fall,Admit,304,TOEFL,0,7.13,CGPA,38
Prakirn,University of Utah,Management Information System,2018,Fall,Admit,321,TOEFL,104,6.54,CGPA,2
pratzpurohit,University of Utah,Management Information System,2018,Fall,Admit,313,TOEFL,109,0.82,%,25
sammi,University of Utah,Management Information System,2018,Fall,Admit,297,IELTS,0,0.87,%,7
Sukrit07,University of Utah,Management Information System,2018,Fall,Admit,324,TOEFL,109,6.2,CGPA,40
Saikumar91,University of Utah,Management Information System,2018,Fall,Admit,297,TOEFL,81,0.62,%,46
harshu31,University of Utah,Management Information System,2018,Fall,Admit,311,TOEFL,102,9.06,CGPA,11
bara,University of Utah,Management Information System,2018,Fall,Admit,320,TOEFL,108,0.65,%,41
ALI52,University of Utah,Management Information System,2018,Fall,Reject,309,TOEFL,0,6.03,CGPA,28
Mano007,University of Utah,Management Information System,2018,Fall,Reject,307,IELTS,7,0.77,%,28
abhijay22,University of Utah,Management Information System,2018,Fall,Reject,319,TOEFL,101,6.57,CGPA,15
BillaOnline,University of Utah,Management Information System,2017,Fall,Reject,316,TOEFL,94,0.55,%,0
ezhilarasanelec,University of Utah,Management Information System,2017,Fall,Reject,302,TOEFL,99,6.7,CGPA,22
SridharRamesh,University of Utah,Management Information System,2017,Fall,Reject,312,TOEFL,90,8.5,CGPA,30
Anurag K S,University of Utah,Management Information System,2017,Fall,Reject,304,TOEFL,84,0.72,%,18
Megan D'souza ,University of Utah,Management Information System,2017,Fall,Reject,305,TOEFL,102,7.95,CGPA,15
slodh,University of Utah,Management Information System,2017,Fall,Reject,316,TOEFL,96,7.32,CGPA,35
plavie,University of Utah,Management Information System,2017,Fall,Reject,303,TOEFL,93,7.46,CGPA,1
Garvvson,University of Utah,Management Information System,2017,Fall,Reject,297,TOEFL,83,6.15,CGPA,1
mgangrade7,University of Utah,Management Information System,2017,Fall,Reject,299,TOEFL,89,0.69,%,33
Gowrisankar ,University of Utah,Management Information System,2017,Fall,Reject,300,TOEFL,97,0.79,%,58
MugdhaDeshpande,University of Utah,Management Information System,2017,Spring,Reject,309,TOEFL,96,0.65,%,18
bhavesh.bendale,University of Utah,Management Information System,2017,Spring,Reject,302,TOEFL,91,0.64,%,67
Abhiggg,University of Utah,Management Information System,2018,Fall,Interested,314,TOEFL,100,8.5,CGPA,15
priyabalaji,University of Utah,Management Information System,2019,Fall,Interested, ,IELTS,7.5,7.35,CGPA,0
sisirchinferno,University of Utah,Management Information System,2019,Spring,Interested,308,TOEFL,100,6.47,CGPA,38
sonaljain,University of Utah,Management Information System,2019,Spring,Interested,310,TOEFL,99,7.81,CGPA,21
Phalguni,University of Utah,Management Information System,2018,Fall,Interested,295,TOEFL,92,8.28,CGPA,26
tpratik,University of Utah,Management Information System,2018,Fall,Interested,318,TOEFL,113,0.7,%,0
kc shruthi,University of Utah,Management Information System,2018,Fall,Interested,301,TOEFL,99,0.74,%,36
TejashreeAykar,University of Utah,Management Information System,2018,Fall,Interested,298,TOEFL,96,0.67,%,58
Kibria,University of Utah,Management Information System,2018,Fall,Interested,305,TOEFL,88,9,CGPA,40
JShilpa26,University of Utah,Management Information System,2018,Fall,Interested,303,TOEFL,104,0.66,%,36
srishti1995,University of Utah,Management Information System,2018,Fall,Interested,297,TOEFL,88,0.81,%,20
sanjeevmd,University of Utah,Management Information System,2019,Fall,Interested,306,TOEFL,86,6.73,CGPA,7
HubbaHubba,University of Utah,Management Information System,2018,Fall,Interested,321,TOEFL,104,0.6,%,39
shrini16,University of Utah,Management Information System,2018,Fall,Interested,302,TOEFL,96,0.74,%,24
Sanchit123,University of Utah,Management Information System,2018,Fall,Interested,304,TOEFL,93,7.5,CGPA,30
RushilAnand,University of Washington,Management Information System,2018,Fall,Applied,306,TOEFL,103,0.63,%,27
Sai Subhasree,University of Washington,Management Information System,2018,Fall,Applied,319,TOEFL,111,9.6,CGPA,6
ks11,University of Washington,Management Information System,2018,Fall,Applied,324,TOEFL,113,7.9,CGPA,15
abhijay22,University of Washington,Management Information System,2018,Fall,Applied,319,TOEFL,101,6.57,CGPA,15
Jinx,University of Washington,Management Information System,2018,Fall,Applied,319,TOEFL,105,6.8,CGPA,6
OnTop09,University of Washington,Management Information System,2018,Fall,Applied,315,TOEFL,100,0.72,%,43
LeharA,University of Washington,Management Information System,2018,Fall,Applied,310,TOEFL,106,0.76,%,42
aish004,University of Washington,Management Information System,2018,Fall,Applied,306,TOEFL,100,0.78,%,17
Anju1234,University of Washington,Management Information System,2018,Fall,Applied,319,TOEFL,113,0.73,%,26
Shivapriyak,University of Washington,Management Information System,2018,Fall,Applied,317,TOEFL,103,0.79,%,60
ShruthiS,University of Washington,Management Information System,2018,Fall,Applied, ,TOEFL,98,7.13,CGPA,58
ashishiyer,University of Washington,Management Information System,2017,Fall,Applied,321,TOEFL,106,8.16,CGPA,0
amitmahapatra95,University of Washington,Management Information System,2017,Fall,Applied,315,TOEFL,105,7.4,CGPA,2
shaivya,University of Washington,Management Information System,2017,Fall,Applied,328,TOEFL,116,9,CGPA,31
Mervin,University of Washington,Management Information System,2017,Fall,Applied,322,TOEFL,114,8.97,CGPA,0
Sushmit,University of Washington,Management Information System,2017,Fall,Applied,317,TOEFL,109,9.18,CGPA,6
maheshkumar94,University of Washington,Management Information System,2017,Fall,Applied,327,TOEFL,111,7.85,CGPA,18
raviteja2021,University of Washington,Management Information System,2017,Fall,Applied,324,TOEFL,104,7.5,CGPA,20
shettyprithvi,University of Washington,Management Information System,2017,Fall,Applied,323,TOEFL,99,7.24,CGPA,2
DarshG,University of Washington,Management Information System,2018,Fall,Admit,315,TOEFL,101,9.81,CGPA,0
Meenu95,University of Washington,Management Information System,2018,Fall,Admit,323,TOEFL,99,7.38,CGPA,18
Amarjeetcheema,University of Washington,Management Information System,2018,Fall,Admit,316,TOEFL,97,0.7,%,31
Amratansh,University of Washington,Management Information System,2018,Fall,Admit,317,TOEFL,96,9.59,CGPA,0
Samra ,University of Washington,Management Information System,2018,Fall,Admit,316,TOEFL,112,8.48,CGPA,21
Prakirn,University of Washington,Management Information System,2018,Fall,Admit,321,TOEFL,104,6.54,CGPA,2
heenal211,University of Washington,Management Information System,2018,Fall,Admit,313,TOEFL,100,7.65,CGPA,0
Ankeet1406,University of Washington,Management Information System,2018,Fall,Admit,326,TOEFL,111,0.6,%,42
Animesh1990,University of Washington,Management Information System,2018,Fall,Admit,329,TOEFL,114,7.2,CGPA,51
rahulrzende,University of Washington,Management Information System,2018,Fall,Admit,332,TOEFL,116,8.77,CGPA,31
Hardit,University of Washington,Management Information System,2018,Fall,Admit,324,TOEFL,114,8.3,CGPA,30
bara,University of Washington,Management Information System,2018,Fall,Admit,320,TOEFL,108,0.65,%,41
vinnysai,University of Washington,Management Information System,2018,Fall,Admit,330,TOEFL,110,8.4,CGPA,30
kurawadwala,University of Washington,Management Information System,2018,Fall,Admit, ,TOEFL,108,0.68,%,54
Apchin,University of Washington,Management Information System,2017,Fall,Admit,307,TOEFL,99,9,CGPA,36
nebaditanayak,University of Washington,Management Information System,2017,Fall,Admit,320,TOEFL,103,7.85,CGPA,52
himanshua2011,University of Washington,Management Information System,2017,Fall,Admit,313,TOEFL,104,0.67,%,20
sathwik7vk,University of Washington,Management Information System,2017,Fall,Admit,322,TOEFL,109,0.91,%,25
ishabandi,University of Washington,Management Information System,2018,Fall,Reject,319,TOEFL,117,8.44,CGPA,4
MayurDevil,University of Washington,Management Information System,2018,Fall,Reject,319,TOEFL,112,7.52,CGPA,35
KoSanjana,University of Washington,Management Information System,2018,Fall,Reject,305,TOEFL,109,0.86,%,25
noogler,University of Washington,Management Information System,2018,Fall,Reject,315,TOEFL,102,6.76,CGPA,19
theharishkm,University of Washington,Management Information System,2018,Fall,Reject, ,TOEFL,104,8.15,CGPA,33
Himanshi22,University of Washington,Management Information System,2018,Fall,Reject,314,TOEFL,100,0.76,%,41
TheAmerican,University of Washington,Management Information System,2018,Fall,Reject,312,TOEFL,108,0.72,%,67
anadirastogi47,University of Washington,Management Information System,2018,Fall,Reject,315,TOEFL,109,6.72,CGPA,29
Gnanendratr,University of Washington,Management Information System,2018,Fall,Reject,319,TOEFL,105,7.61,CGPA,40
Vedang07,University of Washington,Management Information System,2018,Fall,Reject,317,TOEFL,108,8.2,CGPA,0
Ankita Tapadia,University of Washington,Management Information System,2018,Fall,Reject,318,TOEFL,0,0.67,%,16
Aashay Kedar,University of Washington,Management Information System,2018,Fall,Reject,313,TOEFL,104,7.2,CGPA,19
shivambindal,University of Washington,Management Information System,2018,Fall,Reject,316,TOEFL,101,0.81,%,15
HimanshiM,University of Washington,Management Information System,2018,Fall,Reject,313,TOEFL,109,7.5,CGPA,16
Adyasha1094,University of Washington,Management Information System,2018,Fall,Reject,318,TOEFL,118,8.43,CGPA,30
Asmita10,University of Washington,Management Information System,2018,Fall,Reject,312,TOEFL,110,7.62,CGPA,2
darshit96,University of Washington,Management Information System,2018,Fall,Reject,322,TOEFL,104,8.3,CGPA,0
JaySomaiya,University of Washington,Management Information System,2018,Fall,Reject,317,TOEFL,110,6.93,CGPA,25
Varuntan,University of Washington,Management Information System,2018,Fall,Reject,308,TOEFL,98,0.65,%,25
Tanya13,University of Washington,Management Information System,2018,Fall,Reject,315,TOEFL,112,8.24,CGPA,1
Sujesh,University of Washington,Management Information System,2019,Fall,Interested,321,TOEFL,114,7.58,CGPA,38
MeghaPN,University of Washington,Management Information System,2019,Spring,Interested,303,TOEFL,95,0.75,%,20
snehGajiwala,University of Washington,Management Information System,2019,Fall,Interested,319,TOEFL,104,9.39,CGPA,2
ank251194,University of Washington,Management Information System,2018,Fall,Interested,325,TOEFL,112,8.56,CGPA,18
adipareshshah,University of Washington,Management Information System,2018,Fall,Interested, ,TOEFL,113,0.74,%,60
Kedudesh,University of Washington,Management Information System,2019,Spring,Interested,320,TOEFL,104,8.2,CGPA,1
KAPIL TATHOD,Worcester Polytechnic Institute,Management Information System,2018,Fall,Applied,306,IELTS,7,0.74,%,8
iladdha,Worcester Polytechnic Institute,Management Information System,2017,Fall,Applied,309,TOEFL,93,0.56,%,0
situ95,Worcester Polytechnic Institute,Management Information System,2017,Fall,Applied,306,TOEFL,86,0.62,%,4
MeghaK,Worcester Polytechnic Institute,Management Information System,2017,Fall,Applied,314,TOEFL,99,6.8,CGPA,0
munna463,Worcester Polytechnic Institute,Management Information System,2017,Spring,Applied,306,TOEFL,94,0.73,%,12
ankitm57,Worcester Polytechnic Institute,Management Information System,2016,Fall,Applied,310,TOEFL,94,6,CGPA,6
henilmaniar93,Worcester Polytechnic Institute,Management Information System,2016,Fall,Applied,310,TOEFL,91,0.64,%,6
arunn91,Worcester Polytechnic Institute,Management Information System,2016,Fall,Applied,309,TOEFL,95,0.66,%,30
zeshan,Worcester Polytechnic Institute,Management Information System,2016,Fall,Applied,300,TOEFL,110,7.12,CGPA,0
nishair05,Worcester Polytechnic Institute,Management Information System,2016,Fall,Applied,307,TOEFL,97,6.85,CGPA,30
rj.divakaran,Worcester Polytechnic Institute,Management Information System,2016,Spring,Applied,298,TOEFL,85,0.55,%,20
surajpatil6feet,Worcester Polytechnic Institute,Management Information System,2016,Fall,Applied,306,TOEFL,100,0.55,%,0
dpaulswa,Worcester Polytechnic Institute,Management Information System,2016,Fall,Applied,300,TOEFL,94,8.1,CGPA,29
rocho,Worcester Polytechnic Institute,Management Information System,2018,Fall,Admit,306,TOEFL,101,6.35,CGPA,1
Rajpatil7,Worcester Polytechnic Institute,Management Information System,2018,Fall,Admit,301,TOEFL,91,6.3,CGPA,21
pratzpurohit,Worcester Polytechnic Institute,Management Information System,2018,Fall,Admit,313,TOEFL,109,0.82,%,25
HardikSoni,Worcester Polytechnic Institute,Management Information System,2018,Fall,Admit,296,TOEFL,93,0.64,%,64
Kabir,Worcester Polytechnic Institute,Management Information System,2018,Fall,Admit,306,TOEFL,115,0.63,%,16
ohm,Worcester Polytechnic Institute,Management Information System,2018,Fall,Admit,313,TOEFL,104,6.5,CGPA,1
JayPatel8394,Worcester Polytechnic Institute,Management Information System,2018,Fall,Admit,297,TOEFL,99,0.56,%,24
Karmveer,Worcester Polytechnic Institute,Management Information System,2018,Fall,Admit,313,TOEFL,103,8.71,CGPA,26
Shashik,Worcester Polytechnic Institute,Management Information System,2018,Fall,Admit,312,TOEFL,96,7.53,CGPA,1
Shreya0110,Worcester Polytechnic Institute,Management Information System,2018,Spring,Admit,303,TOEFL,93,0.64,%,2
Ritu155,Worcester Polytechnic Institute,Management Information System,2018,Fall,Admit,310,TOEFL,104,9.26,CGPA,38
varaddesai,Worcester Polytechnic Institute,Management Information System,2018,Fall,Admit,305,TOEFL,95,0.67,%,10
batmanj,Worcester Polytechnic Institute,Management Information System,2018,Fall,Admit,310,TOEFL,107,8,CGPA,36
sofiyashaikh,Worcester Polytechnic Institute,Management Information System,2018,Spring,Admit,304,TOEFL,102,0.61,%,26
pradnyachavan,Worcester Polytechnic Institute,Management Information System,2012,Fall,Admit,310,TOEFL,94,0.54,%,0
shivamgta,Worcester Polytechnic Institute,Management Information System,2017,Fall,Admit,309,TOEFL,95,0.68,%,23
Miten16,Worcester Polytechnic Institute,Management Information System,2017,Fall,Admit,307,TOEFL,99,7.31,CGPA,6
Ankit0803,Worcester Polytechnic Institute,Management Information System,2017,Fall,Admit,317,TOEFL,109,6.83,CGPA,2
SagarVasaikar,Worcester Polytechnic Institute,Management Information System,2018,Fall,Reject,299,TOEFL,88,7.95,CGPA,5
Pdhb,Worcester Polytechnic Institute,Management Information System,2017,Fall,Reject,308,TOEFL,99,0.63,%,56
Senor Pete,Worcester Polytechnic Institute,Management Information System,2017,Fall,Reject,288,TOEFL,89,0.55,%,10
TanmaySandav,Worcester Polytechnic Institute,Management Information System,2017,Fall,Reject,302,TOEFL,86,0.65,%,28
keval,Worcester Polytechnic Institute,Management Information System,2016,Fall,Reject,311,TOEFL,95,0.61,%,0
pranil23,Worcester Polytechnic Institute,Management Information System,2016,Fall,Reject,295,TOEFL,90,0.61,%,18
sonaligc,Worcester Polytechnic Institute,Management Information System,2015,Fall,Reject,307,TOEFL,88,7,CGPA,0
pratz10,Worcester Polytechnic Institute,Management Information System,2015,Fall,Reject,301,TOEFL,89,0.63,%,0
sandy2912,Worcester Polytechnic Institute,Management Information System,2016,Spring,Reject,300,TOEFL,93,5,CGPA,0
sneha-p,Worcester Polytechnic Institute,Management Information System,2019,Spring,Interested,308,TOEFL,95,7.2,CGPA,52
priyabalaji,Worcester Polytechnic Institute,Management Information System,2019,Fall,Interested, ,IELTS,7.5,7.35,CGPA,0
Apoorva171996,Worcester Polytechnic Institute,Management Information System,2019,Spring,Interested,302,TOEFL,100,0.71,%,0
hitesharsenalpatel,Worcester Polytechnic Institute,Management Information System,2018,Fall,Interested,311,IELTS,7,0.59,%,30
mandar1991,Worcester Polytechnic Institute,Management Information System,2018,Spring,Interested,306,IELTS,7.5,0.5,%,31
Shivanim,Worcester Polytechnic Institute,Management Information System,2018,Fall,Interested,302,TOEFL,89,7,CGPA,0
skondepudi,Worcester Polytechnic Institute,Management Information System,2018,Fall,Interested,297,IELTS,7,6.87,CGPA,32
Ankurchintu,Worcester Polytechnic Institute,Management Information System,2019,Fall,Interested,315,IELTS,7.5,0.6,%,30
jazz1085,Worcester Polytechnic Institute,Management Information System,2018,Fall,Interested,297,TOEFL,97,0.68,%,87
